driverId,driverRef,number,code,forename,surname,dob,nationality,url
1,hamilton,44,HAM,Lewis,Hamilton,1/7/1985,British,http://en.wikipedia.org/wiki/Lewis_Hamilton
2,heidfeld,0,HEI,Nick,Heidfeld,5/10/1977,German,http://en.wikipedia.org/wiki/Nick_Heidfeld
3,rosberg,6,ROS,Nico,Rosberg,6/27/1985,German,http://en.wikipedia.org/wiki/Nico_Rosberg
4,alonso,14,ALO,Fernando,Alonso,7/29/1981,Spanish,http://en.wikipedia.org/wiki/Fernando_Alonso
5,kovalainen,0,KOV,Heikki,Kovalainen,10/19/1981,Finnish,http://en.wikipedia.org/wiki/Heikki_Kovalainen
6,nakajima,0,NAK,Kazuki,Nakajima,1/11/1985,Japanese,http://en.wikipedia.org/wiki/Kazuki_Nakajima
7,bourdais,0,BOU,Sébastien,Bourdais,2/28/1979,French,http://en.wikipedia.org/wiki/S%C3%A9bastien_Bourdais
8,raikkonen,7,RAI,Kimi,Räikkönen,10/17/1979,Finnish,http://en.wikipedia.org/wiki/Kimi_R%C3%A4ikk%C3%B6nen
9,kubica,88,KUB,Robert,Kubica,12/7/1984,Polish,http://en.wikipedia.org/wiki/Robert_Kubica
10,glock,0,GLO,Timo,Glock,3/18/1982,German,http://en.wikipedia.org/wiki/Timo_Glock
11,sato,0,SAT,Takuma,Sato,1/28/1977,Japanese,http://en.wikipedia.org/wiki/Takuma_Sato
12,piquet_jr,0,PIQ,Nelson,Piquet Jr.,7/25/1985,Brazilian,"http://en.wikipedia.org/wiki/Nelson_Piquet,_Jr."
13,massa,19,MAS,Felipe,Massa,4/25/1981,Brazilian,http://en.wikipedia.org/wiki/Felipe_Massa
14,coulthard,0,COU,David,Coulthard,3/27/1971,British,http://en.wikipedia.org/wiki/David_Coulthard
15,trulli,0,TRU,Jarno,Trulli,7/13/1974,Italian,http://en.wikipedia.org/wiki/Jarno_Trulli
16,sutil,99,SUT,Adrian,Sutil,1/11/1983,German,http://en.wikipedia.org/wiki/Adrian_Sutil
17,webber,0,WEB,Mark,Webber,8/27/1976,Australian,http://en.wikipedia.org/wiki/Mark_Webber
18,button,22,BUT,Jenson,Button,1/19/1980,British,http://en.wikipedia.org/wiki/Jenson_Button
19,davidson,0,DAV,Anthony,Davidson,4/18/1979,British,http://en.wikipedia.org/wiki/Anthony_Davidson
20,vettel,5,VET,Sebastian,Vettel,7/3/1987,German,http://en.wikipedia.org/wiki/Sebastian_Vettel
21,fisichella,0,FIS,Giancarlo,Fisichella,1/14/1973,Italian,http://en.wikipedia.org/wiki/Giancarlo_Fisichella
22,barrichello,0,BAR,Rubens,Barrichello,5/23/1972,Brazilian,http://en.wikipedia.org/wiki/Rubens_Barrichello
23,ralf_schumacher,0,SCH,Ralf,Schumacher,6/30/1975,German,http://en.wikipedia.org/wiki/Ralf_Schumacher
24,liuzzi,0,LIU,Vitantonio,Liuzzi,8/6/1980,Italian,http://en.wikipedia.org/wiki/Vitantonio_Liuzzi
25,wurz,0,WUR,Alexander,Wurz,2/15/1974,Austrian,http://en.wikipedia.org/wiki/Alexander_Wurz
26,speed,0,SPE,Scott,Speed,1/24/1983,American,http://en.wikipedia.org/wiki/Scott_Speed
27,albers,0,ALB,Christijan,Albers,4/16/1979,Dutch,http://en.wikipedia.org/wiki/Christijan_Albers
28,markus_winkelhock,0,WIN,Markus,Winkelhock,6/13/1980,German,http://en.wikipedia.org/wiki/Markus_Winkelhock
29,yamamoto,0,YAM,Sakon,Yamamoto,7/9/1982,Japanese,http://en.wikipedia.org/wiki/Sakon_Yamamoto
30,michael_schumacher,0,MSC,Michael,Schumacher,1/3/1969,German,http://en.wikipedia.org/wiki/Michael_Schumacher
31,montoya,0,MON,Juan,Pablo Montoya,9/20/1975,Colombian,http://en.wikipedia.org/wiki/Juan_Pablo_Montoya
32,klien,0,KLI,Christian,Klien,2/7/1983,Austrian,http://en.wikipedia.org/wiki/Christian_Klien
33,monteiro,0,TMO,Tiago,Monteiro,7/24/1976,Portuguese,http://en.wikipedia.org/wiki/Tiago_Monteiro
34,ide,0,IDE,Yuji,Ide,1/21/1975,Japanese,http://en.wikipedia.org/wiki/Yuji_Ide
35,villeneuve,0,VIL,Jacques,Villeneuve,4/9/1971,Canadian,http://en.wikipedia.org/wiki/Jacques_Villeneuve
36,montagny,0,FMO,Franck,Montagny,1/5/1978,French,http://en.wikipedia.org/wiki/Franck_Montagny
37,rosa,0,DLR,Pedro,de la Rosa,2/24/1971,Spanish,http://en.wikipedia.org/wiki/Pedro_de_la_Rosa
38,doornbos,0,DOO,Robert,Doornbos,9/23/1981,Dutch,http://en.wikipedia.org/wiki/Robert_Doornbos
39,karthikeyan,0,KAR,Narain,Karthikeyan,1/14/1977,Indian,http://en.wikipedia.org/wiki/Narain_Karthikeyan
40,friesacher,0,FRI,Patrick,Friesacher,9/26/1980,Austrian,http://en.wikipedia.org/wiki/Patrick_Friesacher
41,zonta,0,ZON,Ricardo,Zonta,3/23/1976,Brazilian,http://en.wikipedia.org/wiki/Ricardo_Zonta
42,pizzonia,0,PIZ,Antônio,Pizzonia,9/11/1980,Brazilian,http://en.wikipedia.org/wiki/Ant%C3%B4nio_Pizzonia
43,matta,0,\N,Cristiano,da Matta,9/19/1973,Brazilian,http://en.wikipedia.org/wiki/Cristiano_da_Matta
44,panis,0,\N,Olivier,Panis,9/2/1966,French,http://en.wikipedia.org/wiki/Olivier_Panis
45,pantano,0,\N,Giorgio,Pantano,2/4/1979,Italian,http://en.wikipedia.org/wiki/Giorgio_Pantano
46,bruni,0,\N,Gianmaria,Bruni,5/30/1981,Italian,http://en.wikipedia.org/wiki/Gianmaria_Bruni
47,baumgartner,0,\N,Zsolt,Baumgartner,1/1/1981,Hungarian,http://en.wikipedia.org/wiki/Zsolt_Baumgartner
48,gene,0,\N,Marc,Gené,3/29/1974,Spanish,http://en.wikipedia.org/wiki/Marc_Gen%C3%A9
49,frentzen,0,\N,Heinz-Harald,Frentzen,5/18/1967,German,http://en.wikipedia.org/wiki/Heinz-Harald_Frentzen
50,verstappen,0,\N,Jos,Verstappen,3/4/1972,Dutch,http://en.wikipedia.org/wiki/Jos_Verstappen
51,wilson,0,\N,Justin,Wilson,7/31/1978,British,http://en.wikipedia.org/wiki/Justin_Wilson_(racing_driver)
52,firman,0,\N,Ralph,Firman,5/20/1975,Irish,http://en.wikipedia.org/wiki/Ralph_Firman
53,kiesa,0,\N,Nicolas,Kiesa,3/3/1978,Danish,http://en.wikipedia.org/wiki/Nicolas_Kiesa
54,burti,0,\N,Luciano,Burti,3/5/1975,Brazilian,http://en.wikipedia.org/wiki/Luciano_Burti
55,alesi,0,\N,Jean,Alesi,6/11/1964,French,http://en.wikipedia.org/wiki/Jean_Alesi
56,irvine,0,\N,Eddie,Irvine,11/10/1965,British,http://en.wikipedia.org/wiki/Eddie_Irvine
57,hakkinen,0,\N,Mika,Häkkinen,9/28/1968,Finnish,http://en.wikipedia.org/wiki/Mika_H%C3%A4kkinen
58,marques,0,\N,Tarso,Marques,1/19/1976,Brazilian,http://en.wikipedia.org/wiki/Tarso_Marques
59,bernoldi,0,\N,Enrique,Bernoldi,10/19/1978,Brazilian,http://en.wikipedia.org/wiki/Enrique_Bernoldi
60,mazzacane,0,\N,Gastón,Mazzacane,5/8/1975,Argentine,http://en.wikipedia.org/wiki/Gast%C3%B3n_Mazzacane
61,enge,0,\N,Tomáš,Enge,9/11/1976,Czech,http://en.wikipedia.org/wiki/Tom%C3%A1%C5%A1_Enge
62,yoong,0,\N,Alex,Yoong,7/20/1976,Malaysian,http://en.wikipedia.org/wiki/Alex_Yoong
63,salo,0,\N,Mika,Salo,11/30/1966,Finnish,http://en.wikipedia.org/wiki/Mika_Salo
64,diniz,0,\N,Pedro,Diniz,5/22/1970,Brazilian,http://en.wikipedia.org/wiki/Pedro_Diniz
65,herbert,0,\N,Johnny,Herbert,6/25/1964,British,http://en.wikipedia.org/wiki/Johnny_Herbert
66,mcnish,0,\N,Allan,McNish,12/29/1969,British,http://en.wikipedia.org/wiki/Allan_McNish
67,buemi,0,BUE,Sébastien,Buemi,10/31/1988,Swiss,http://en.wikipedia.org/wiki/S%C3%A9bastien_Buemi
68,takagi,0,\N,Toranosuke,Takagi,2/12/1974,Japanese,http://en.wikipedia.org/wiki/Toranosuke_Takagi
69,badoer,0,BAD,Luca,Badoer,1/25/1971,Italian,http://en.wikipedia.org/wiki/Luca_Badoer
70,zanardi,0,\N,Alessandro,Zanardi,10/23/1966,Italian,http://en.wikipedia.org/wiki/Alex_Zanardi
71,damon_hill,0,\N,Damon,Hill,9/17/1960,British,http://en.wikipedia.org/wiki/Damon_Hill
72,sarrazin,0,\N,Stéphane,Sarrazin,11/2/1975,French,http://en.wikipedia.org/wiki/St%C3%A9phane_Sarrazin
73,rosset,0,\N,Ricardo,Rosset,7/27/1968,Brazilian,http://en.wikipedia.org/wiki/Ricardo_Rosset
74,tuero,0,\N,Esteban,Tuero,4/22/1978,Argentine,http://en.wikipedia.org/wiki/Esteban_Tuero
75,nakano,0,\N,Shinji,Nakano,4/1/1971,Japanese,http://en.wikipedia.org/wiki/Shinji_Nakano
76,magnussen,0,MAG,Jan,Magnussen,7/4/1973,Danish,http://en.wikipedia.org/wiki/Jan_Magnussen
77,berger,0,\N,Gerhard,Berger,8/27/1959,Austrian,http://en.wikipedia.org/wiki/Gerhard_Berger
78,larini,0,\N,Nicola,Larini,3/19/1964,Italian,http://en.wikipedia.org/wiki/Nicola_Larini
79,katayama,0,\N,Ukyo,Katayama,5/29/1963,Japanese,http://en.wikipedia.org/wiki/Ukyo_Katayama
80,sospiri,0,\N,Vincenzo,Sospiri,10/7/1966,Italian,http://en.wikipedia.org/wiki/Vincenzo_Sospiri
81,morbidelli,0,\N,Gianni,Morbidelli,1/13/1968,Italian,http://en.wikipedia.org/wiki/Gianni_Morbidelli
82,fontana,0,\N,Norberto,Fontana,1/20/1975,Argentine,http://en.wikipedia.org/wiki/Norberto_Fontana
83,lamy,0,\N,Pedro,Lamy,3/20/1972,Portuguese,http://en.wikipedia.org/wiki/Pedro_Lamy
84,brundle,0,\N,Martin,Brundle,6/1/1959,British,http://en.wikipedia.org/wiki/Martin_Brundle
85,montermini,0,\N,Andrea,Montermini,5/30/1964,Italian,http://en.wikipedia.org/wiki/Andrea_Montermini
86,lavaggi,0,\N,Giovanni,Lavaggi,2/18/1958,Italian,http://en.wikipedia.org/wiki/Giovanni_Lavaggi
87,blundell,0,\N,Mark,Blundell,4/8/1966,British,http://en.wikipedia.org/wiki/Mark_Blundell
88,suzuki,0,\N,Aguri,Suzuki,9/8/1960,Japanese,http://en.wikipedia.org/wiki/Aguri_Suzuki
89,inoue,0,\N,Taki,Inoue,9/5/1963,Japanese,http://en.wikipedia.org/wiki/Taki_Inoue
90,moreno,0,\N,Roberto,Moreno,2/11/1959,Brazilian,http://en.wikipedia.org/wiki/Roberto_Moreno
91,wendlinger,0,\N,Karl,Wendlinger,12/20/1968,Austrian,http://en.wikipedia.org/wiki/Karl_Wendlinger
92,gachot,0,\N,Bertrand,Gachot,12/23/1962,Belgian,http://en.wikipedia.org/wiki/Bertrand_Gachot
93,schiattarella,0,\N,Domenico,Schiattarella,11/17/1967,Italian,http://en.wikipedia.org/wiki/Domenico_Schiattarella
94,martini,0,\N,Pierluigi,Martini,4/23/1961,Italian,http://en.wikipedia.org/wiki/Pierluigi_Martini
95,mansell,0,\N,Nigel,Mansell,8/8/1953,British,http://en.wikipedia.org/wiki/Nigel_Mansell
96,boullion,0,\N,Jean-Christophe,Boullion,12/27/1969,French,http://en.wikipedia.org/wiki/Jean-Christophe_Boullion
97,papis,0,\N,Massimiliano,Papis,10/3/1969,Italian,http://en.wikipedia.org/wiki/Massimiliano_Papis
98,deletraz,0,\N,Jean-Denis,Délétraz,10/1/1963,Swiss,http://en.wikipedia.org/wiki/Jean-Denis_Deletraz
99,tarquini,0,\N,Gabriele,Tarquini,3/2/1962,Italian,http://en.wikipedia.org/wiki/Gabriele_Tarquini
100,comas,0,\N,Érik,Comas,9/28/1963,French,http://en.wikipedia.org/wiki/%C3%89rik_Comas
101,brabham,0,\N,David,Brabham,9/5/1965,Australian,http://en.wikipedia.org/wiki/David_Brabham
102,senna,0,\N,Ayrton,Senna,3/21/1960,Brazilian,http://en.wikipedia.org/wiki/Ayrton_Senna
103,bernard,0,\N,Éric,Bernard,8/24/1964,French,http://en.wikipedia.org/wiki/%C3%89ric_Bernard
104,fittipaldi,0,\N,Christian,Fittipaldi,1/18/1971,Brazilian,http://en.wikipedia.org/wiki/Christian_Fittipaldi
105,alboreto,0,\N,Michele,Alboreto,12/23/1956,Italian,http://en.wikipedia.org/wiki/Michele_Alboreto
106,beretta,0,\N,Olivier,Beretta,11/23/1969,Monegasque,http://en.wikipedia.org/wiki/Olivier_Beretta
107,ratzenberger,0,\N,Roland,Ratzenberger,7/4/1960,Austrian,http://en.wikipedia.org/wiki/Roland_Ratzenberger
108,belmondo,0,\N,Paul,Belmondo,4/23/1963,French,http://en.wikipedia.org/wiki/Paul_Belmondo
109,lehto,0,\N,Jyrki,Järvilehto,1/31/1966,Finnish,http://en.wikipedia.org/wiki/Jyrki_J%C3%A4rvilehto
110,cesaris,0,\N,Andrea,de Cesaris,5/31/1959,Italian,http://en.wikipedia.org/wiki/Andrea_de_Cesaris
111,gounon,0,\N,Jean-Marc,Gounon,1/1/1963,French,http://en.wikipedia.org/wiki/Jean-Marc_Gounon
112,alliot,0,\N,Philippe,Alliot,7/27/1954,French,http://en.wikipedia.org/wiki/Philippe_Alliot
113,adams,0,\N,Philippe,Adams,11/19/1969,Belgian,http://en.wikipedia.org/wiki/Philippe_Adams
114,dalmas,0,\N,Yannick,Dalmas,7/28/1961,French,http://en.wikipedia.org/wiki/Yannick_Dalmas
115,noda,0,\N,Hideki,Noda,3/7/1969,Japanese,http://en.wikipedia.org/wiki/Hideki_Noda
116,lagorce,0,\N,Franck,Lagorce,9/1/1968,French,http://en.wikipedia.org/wiki/Franck_Lagorce
117,prost,0,\N,Alain,Prost,2/24/1955,French,http://en.wikipedia.org/wiki/Alain_Prost
118,warwick,0,\N,Derek,Warwick,8/27/1954,British,http://en.wikipedia.org/wiki/Derek_Warwick
119,patrese,0,\N,Riccardo,Patrese,4/17/1954,Italian,http://en.wikipedia.org/wiki/Riccardo_Patrese
120,barbazza,0,\N,Fabrizio,Barbazza,4/2/1963,Italian,http://en.wikipedia.org/wiki/Fabrizio_Barbazza
121,andretti,0,\N,Michael,Andretti,10/5/1962,American,http://en.wikipedia.org/wiki/Michael_Andretti
122,capelli,0,\N,Ivan,Capelli,5/24/1963,Italian,http://en.wikipedia.org/wiki/Ivan_Capelli
123,boutsen,0,\N,Thierry,Boutsen,7/13/1957,Belgian,http://en.wikipedia.org/wiki/Thierry_Boutsen
124,apicella,0,\N,Marco,Apicella,10/7/1965,Italian,http://en.wikipedia.org/wiki/Marco_Apicella
125,naspetti,0,\N,Emanuele,Naspetti,2/24/1968,Italian,http://en.wikipedia.org/wiki/Emanuele_Naspetti
126,toshio_suzuki,0,\N,Toshio,Suzuki,3/10/1955,Japanese,http://en.wikipedia.org/wiki/Toshio_Suzuki_(driver)
127,gugelmin,0,\N,Maurício,Gugelmin,4/20/1963,Brazilian,http://en.wikipedia.org/wiki/Maur%C3%ADcio_Gugelmin
128,poele,0,\N,Eric,van de Poele,9/30/1961,Belgian,http://en.wikipedia.org/wiki/Eric_van_de_Poele
129,grouillard,0,\N,Olivier,Grouillard,9/2/1958,French,http://en.wikipedia.org/wiki/Olivier_Grouillard
130,chiesa,0,\N,Andrea,Chiesa,5/6/1964,Swiss,http://en.wikipedia.org/wiki/Andrea_Chiesa
131,modena,0,\N,Stefano,Modena,5/12/1963,Italian,http://en.wikipedia.org/wiki/Stefano_Modena
132,amati,0,\N,Giovanna,Amati,7/20/1959,Italian,http://en.wikipedia.org/wiki/Giovanna_Amati
133,caffi,0,\N,Alex,Caffi,3/18/1964,Italian,http://en.wikipedia.org/wiki/Alex_Caffi
134,bertaggia,0,\N,Enrico,Bertaggia,9/19/1964,Italian,http://en.wikipedia.org/wiki/Enrico_Bertaggia
135,mccarthy,0,\N,Perry,McCarthy,3/3/1961,British,http://en.wikipedia.org/wiki/Perry_McCarthy
136,lammers,0,\N,Jan,Lammers,6/2/1956,Dutch,http://en.wikipedia.org/wiki/Jan_Lammers
137,piquet,0,\N,Nelson,Piquet,8/17/1952,Brazilian,http://en.wikipedia.org/wiki/Nelson_Piquet
138,satoru_nakajima,0,\N,Satoru,Nakajima,2/23/1953,Japanese,http://en.wikipedia.org/wiki/Satoru_Nakajima
139,pirro,0,\N,Emanuele,Pirro,1/12/1962,Italian,http://en.wikipedia.org/wiki/Emanuele_Pirro
140,johansson,0,\N,Stefan,Johansson,9/8/1956,Swedish,http://en.wikipedia.org/wiki/Stefan_Johansson
141,bailey,0,\N,Julian,Bailey,10/9/1961,British,http://en.wikipedia.org/wiki/Julian_Bailey
142,chaves,0,\N,Pedro,Chaves,2/27/1965,Portuguese,http://en.wikipedia.org/wiki/Pedro_Chaves
143,bartels,0,\N,Michael,Bartels,3/8/1968,German,http://en.wikipedia.org/wiki/Michael_Bartels
144,hattori,0,\N,Naoki,Hattori,6/13/1966,Japanese,http://en.wikipedia.org/wiki/Naoki_Hattori
145,nannini,0,\N,Alessandro,Nannini,7/7/1959,Italian,http://en.wikipedia.org/wiki/Alessandro_Nannini
146,schneider,0,\N,Bernd,Schneider,7/20/1964,German,http://en.wikipedia.org/wiki/Bernd_Schneider_(racecar_driver)
147,barilla,0,\N,Paolo,Barilla,4/20/1961,Italian,http://en.wikipedia.org/wiki/Paolo_Barilla
148,foitek,0,\N,Gregor,Foitek,3/27/1965,Swiss,http://en.wikipedia.org/wiki/Gregor_Foitek
149,langes,0,\N,Claudio,Langes,7/20/1960,Italian,http://en.wikipedia.org/wiki/Claudio_Langes
150,gary_brabham,0,\N,Gary,Brabham,3/29/1961,Australian,http://en.wikipedia.org/wiki/Gary_Brabham
151,donnelly,0,\N,Martin,Donnelly,3/26/1964,British,http://en.wikipedia.org/wiki/Martin_Donnelly_(racing_driver)
152,giacomelli,0,\N,Bruno,Giacomelli,9/10/1952,Italian,http://en.wikipedia.org/wiki/Bruno_Giacomelli
153,alguersuari,0,ALG,Jaime,Alguersuari,3/23/1990,Spanish,http://en.wikipedia.org/wiki/Jaime_Alguersuari
154,grosjean,8,GRO,Romain,Grosjean,4/17/1986,French,http://en.wikipedia.org/wiki/Romain_Grosjean
155,kobayashi,10,KOB,Kamui,Kobayashi,9/13/1986,Japanese,http://en.wikipedia.org/wiki/Kamui_Kobayashi
156,palmer,0,\N,Jonathan,Palmer,11/7/1956,British,http://en.wikipedia.org/wiki/Jonathan_Palmer
157,danner,0,\N,Christian,Danner,4/4/1958,German,http://en.wikipedia.org/wiki/Christian_Danner
158,cheever,0,\N,Eddie,Cheever,1/10/1958,American,http://en.wikipedia.org/wiki/Eddie_Cheever
159,sala,0,\N,Luis,Pérez-Sala,5/15/1959,Spanish,http://en.wikipedia.org/wiki/Luis_Perez-Sala
160,ghinzani,0,\N,Piercarlo,Ghinzani,1/16/1952,Italian,http://en.wikipedia.org/wiki/Piercarlo_Ghinzani
161,weidler,0,\N,Volker,Weidler,3/18/1962,German,http://en.wikipedia.org/wiki/Volker_Weidler
162,raphanel,0,\N,Pierre-Henri,Raphanel,5/27/1961,French,http://en.wikipedia.org/wiki/Pierre-Henri_Raphanel
163,arnoux,0,\N,René,Arnoux,7/4/1948,French,http://en.wikipedia.org/wiki/Ren%C3%A9_Arnoux
164,joachim_winkelhock,0,\N,Joachim,Winkelhock,10/24/1960,German,http://en.wikipedia.org/wiki/Joachim_Winkelhock
165,larrauri,0,\N,Oscar,Larrauri,8/19/1954,Argentine,http://en.wikipedia.org/wiki/Oscar_Larrauri
166,streiff,0,\N,Philippe,Streiff,6/26/1955,French,http://en.wikipedia.org/wiki/Philippe_Streiff
167,campos,0,\N,Adrián,Campos,6/17/1960,Spanish,http://en.wikipedia.org/wiki/Adri%C3%A1n_Campos
168,schlesser,0,\N,Jean-Louis,Schlesser,9/12/1948,French,http://en.wikipedia.org/wiki/Jean-Louis_Schlesser
169,fabre,0,\N,Pascal,Fabre,1/9/1960,French,http://en.wikipedia.org/wiki/Pascal_Fabre
170,fabi,0,\N,Teo,Fabi,3/9/1955,Italian,http://en.wikipedia.org/wiki/Teo_Fabi
171,forini,0,\N,Franco,Forini,9/22/1958,Swiss,http://en.wikipedia.org/wiki/Franco_Forini
172,laffite,0,\N,Jacques,Laffite,11/21/1943,French,http://en.wikipedia.org/wiki/Jacques_Laffite
173,angelis,0,\N,Elio,de Angelis,3/26/1958,Italian,http://en.wikipedia.org/wiki/Elio_de_Angelis
174,dumfries,0,\N,Johnny,Dumfries,4/26/1958,British,http://en.wikipedia.org/wiki/Johnny_Dumfries
175,tambay,0,\N,Patrick,Tambay,6/25/1949,French,http://en.wikipedia.org/wiki/Patrick_Tambay
176,surer,0,\N,Marc,Surer,9/18/1951,Swiss,http://en.wikipedia.org/wiki/Marc_Surer
177,keke_rosberg,0,\N,Keke,Rosberg,12/6/1948,Finnish,http://en.wikipedia.org/wiki/Keke_Rosberg
178,jones,0,\N,Alan,Jones,11/2/1946,Australian,http://en.wikipedia.org/wiki/Alan_Jones_(Formula_1)
179,rothengatter,0,\N,Huub,Rothengatter,10/8/1954,Dutch,http://en.wikipedia.org/wiki/Huub_Rothengatter
180,berg,0,\N,Allen,Berg,8/1/1961,Canadian,http://en.wikipedia.org/wiki/Allen_Berg
181,manfred_winkelhock,0,\N,Manfred,Winkelhock,10/6/1951,German,http://en.wikipedia.org/wiki/Manfred_Winkelhock
182,lauda,0,\N,Niki,Lauda,2/22/1949,Austrian,http://en.wikipedia.org/wiki/Niki_Lauda
183,hesnault,0,\N,François,Hesnault,12/30/1956,French,http://en.wikipedia.org/wiki/Fran%C3%A7ois_Hesnault
184,baldi,0,\N,Mauro,Baldi,1/31/1954,Italian,http://en.wikipedia.org/wiki/Mauro_Baldi
185,bellof,0,\N,Stefan,Bellof,11/20/1957,German,http://en.wikipedia.org/wiki/Stefan_Bellof
186,acheson,0,\N,Kenny,Acheson,11/27/1957,British,http://en.wikipedia.org/wiki/Kenny_Acheson
187,watson,0,\N,John,Watson,5/4/1946,British,http://en.wikipedia.org/wiki/John_Watson_(racing_driver)
188,cecotto,0,\N,Johnny,Cecotto,1/25/1956,Venezuelan,http://en.wikipedia.org/wiki/Johnny_Cecotto
189,gartner,0,\N,Jo,Gartner,1/24/1954,Austrian,http://en.wikipedia.org/wiki/Jo_Gartner
190,corrado_fabi,0,\N,Corrado,Fabi,4/12/1961,Italian,http://en.wikipedia.org/wiki/Corrado_Fabi
191,thackwell,0,\N,Mike,Thackwell,3/30/1961,New Zealander,http://en.wikipedia.org/wiki/Mike_Thackwell
192,serra,0,\N,Chico,Serra,2/3/1957,Brazilian,http://en.wikipedia.org/wiki/Chico_Serra
193,sullivan,0,\N,Danny,Sullivan,3/9/1950,American,http://en.wikipedia.org/wiki/Danny_Sullivan
194,salazar,0,\N,Eliseo,Salazar,11/14/1954,Chilean,http://en.wikipedia.org/wiki/Eliseo_Salazar
195,guerrero,0,\N,Roberto,Guerrero,11/16/1958,Colombian,http://en.wikipedia.org/wiki/Roberto_Guerrero
196,boesel,0,\N,Raul,Boesel,12/4/1957,Brazilian,http://en.wikipedia.org/wiki/Raul_Boesel
197,jarier,0,\N,Jean-Pierre,Jarier,7/10/1946,French,http://en.wikipedia.org/wiki/Jean-Pierre_Jarier
198,villeneuve_sr,0,\N,Jacques,Villeneuve Sr.,11/4/1953,Canadian,http://en.wikipedia.org/wiki/Jacques_Villeneuve_(elder)
199,reutemann,0,\N,Carlos,Reutemann,4/12/1942,Argentine,http://en.wikipedia.org/wiki/Carlos_Reutemann
200,mass,0,\N,Jochen,Mass,9/30/1946,German,http://en.wikipedia.org/wiki/Jochen_Mass
201,borgudd,0,\N,Slim,Borgudd,11/25/1946,Swedish,http://en.wikipedia.org/wiki/Slim_Borgudd
202,pironi,0,\N,Didier,Pironi,3/26/1952,French,http://en.wikipedia.org/wiki/Didier_Pironi
203,gilles_villeneuve,0,\N,Gilles,Villeneuve,1/18/1950,Canadian,http://en.wikipedia.org/wiki/Gilles_Villeneuve
204,paletti,0,\N,Riccardo,Paletti,6/15/1958,Italian,http://en.wikipedia.org/wiki/Riccardo_Paletti
205,henton,0,\N,Brian,Henton,9/19/1946,British,http://en.wikipedia.org/wiki/Brian_Henton
206,daly,0,\N,Derek,Daly,3/11/1953,Irish,http://en.wikipedia.org/wiki/Derek_Daly
207,mario_andretti,0,\N,Mario,Andretti,2/28/1940,American,http://en.wikipedia.org/wiki/Mario_Andretti
208,villota,0,\N,Emilio,de Villota,7/26/1946,Spanish,http://en.wikipedia.org/wiki/Emilio_de_Villota
209,lees,0,\N,Geoff,Lees,5/1/1951,British,http://en.wikipedia.org/wiki/Geoff_Lees
210,byrne,0,\N,Tommy,Byrne,5/6/1958,Irish,http://en.wikipedia.org/wiki/Tommy_Byrne_%28racing_driver%29
211,keegan,0,\N,Rupert,Keegan,2/26/1955,British,http://en.wikipedia.org/wiki/Rupert_Keegan
212,rebaque,0,\N,Hector,Rebaque,2/5/1956,Mexican,http://en.wikipedia.org/wiki/Hector_Rebaque
213,gabbiani,0,\N,Beppe,Gabbiani,1/2/1957,Italian,http://en.wikipedia.org/wiki/Beppe_Gabbiani
214,cogan,0,\N,Kevin,Cogan,3/31/1956,American,http://en.wikipedia.org/wiki/Kevin_Cogan
215,guerra,0,\N,Miguel Ángel,Guerra,8/31/1953,Argentine,http://en.wikipedia.org/wiki/Miguel_Angel_Guerra
216,stohr,0,\N,Siegfried,Stohr,10/10/1952,Italian,http://en.wikipedia.org/wiki/Siegfried_Stohr
217,zunino,0,\N,Ricardo,Zunino,4/13/1949,Argentine,http://en.wikipedia.org/wiki/Ricardo_Zunino
218,londono,0,\N,Ricardo,Londoño,8/8/1949,Colombian,http://en.wikipedia.org/wiki/Ricardo_Londo%C3%B1o
219,jabouille,0,\N,Jean-Pierre,Jabouille,10/1/1942,French,http://en.wikipedia.org/wiki/Jean-Pierre_Jabouille
220,francia,0,\N,Giorgio,Francia,11/8/1947,Italian,http://en.wikipedia.org/wiki/Giorgio_Francia
221,depailler,0,\N,Patrick,Depailler,8/9/1944,French,http://en.wikipedia.org/wiki/Patrick_Depailler
222,scheckter,0,\N,Jody,Scheckter,1/29/1950,South African,http://en.wikipedia.org/wiki/Jody_Scheckter
223,regazzoni,0,\N,Clay,Regazzoni,9/5/1939,Swiss,http://en.wikipedia.org/wiki/Clay_Regazzoni
224,emerson_fittipaldi,0,\N,Emerson,Fittipaldi,12/12/1946,Brazilian,http://en.wikipedia.org/wiki/Emerson_Fittipaldi
225,kennedy,0,\N,Dave,Kennedy,1/15/1953,Irish,http://en.wikipedia.org/wiki/David_Kennedy_(racing_driver)
226,south,0,\N,Stephen,South,2/19/1952,British,http://en.wikipedia.org/wiki/Stephen_South
227,needell,0,\N,Tiff,Needell,10/29/1951,British,http://en.wikipedia.org/wiki/Tiff_Needell
228,desire_wilson,0,\N,Desiré,Wilson,11/26/1953,South African,http://en.wikipedia.org/wiki/Desir%C3%A9_Wilson
229,ertl,0,\N,Harald,Ertl,8/31/1948,Austrian,http://en.wikipedia.org/wiki/Harald_Ertl
230,brambilla,0,\N,Vittorio,Brambilla,11/11/1937,Italian,http://en.wikipedia.org/wiki/Vittorio_Brambilla
231,hunt,0,\N,James,Hunt,8/29/1947,British,http://en.wikipedia.org/wiki/James_Hunt
232,merzario,0,\N,Arturo,Merzario,3/11/1943,Italian,http://en.wikipedia.org/wiki/Arturo_Merzario
233,stuck,0,\N,Hans-Joachim,Stuck,1/1/1951,German,http://en.wikipedia.org/wiki/Hans_Joachim_Stuck
234,brancatelli,0,\N,Gianfranco,Brancatelli,1/18/1950,Italian,http://en.wikipedia.org/wiki/Gianfranco_Brancatelli
235,ickx,0,\N,Jacky,Ickx,1/1/1945,Belgian,http://en.wikipedia.org/wiki/Jacky_Ickx
236,gaillard,0,\N,Patrick,Gaillard,2/12/1952,French,http://en.wikipedia.org/wiki/Patrick_Gaillard
237,ribeiro,0,\N,Alex,Ribeiro,11/7/1948,Brazilian,http://en.wikipedia.org/wiki/Alex_Ribeiro
238,peterson,0,\N,Ronnie,Peterson,2/14/1944,Swedish,http://en.wikipedia.org/wiki/Ronnie_Peterson
239,lunger,0,\N,Brett,Lunger,11/14/1945,American,http://en.wikipedia.org/wiki/Brett_Lunger
240,ongais,0,\N,Danny,Ongais,5/21/1942,American,http://en.wikipedia.org/wiki/Danny_Ongais
241,leoni,0,\N,Lamberto,Leoni,5/24/1953,Italian,http://en.wikipedia.org/wiki/Lamberto_Leoni
242,galica,0,\N,Divina,Galica,8/13/1944,British,http://en.wikipedia.org/wiki/Divina_Galica
243,stommelen,0,\N,Rolf,Stommelen,7/11/1943,German,http://en.wikipedia.org/wiki/Rolf_Stommelen
244,colombo,0,\N,Alberto,Colombo,2/23/1946,Italian,http://en.wikipedia.org/wiki/Alberto_Colombo
245,trimmer,0,\N,Tony,Trimmer,1/24/1943,British,http://en.wikipedia.org/wiki/Tony_Trimmer
246,binder,0,\N,Hans,Binder,6/12/1948,Austrian,http://en.wikipedia.org/wiki/Hans_Binder
247,bleekemolen,0,\N,Michael,Bleekemolen,10/2/1949,Dutch,http://en.wikipedia.org/wiki/Michael_Bleekemolen
248,gimax,0,\N,Carlo,Franchi,1/1/1938,Italian,http://en.wikipedia.org/wiki/Gimax
249,rahal,0,\N,Bobby,Rahal,1/10/1953,American,http://en.wikipedia.org/wiki/Bobby_Rahal
250,pace,0,\N,Carlos,Pace,10/6/1944,Brazilian,http://en.wikipedia.org/wiki/Carlos_Pace
251,ian_scheckter,0,\N,Ian,Scheckter,8/22/1947,South African,http://en.wikipedia.org/wiki/Ian_Scheckter
252,pryce,0,\N,Tom,Pryce,6/11/1949,British,http://en.wikipedia.org/wiki/Tom_Pryce
253,hoffmann,0,\N,Ingo,Hoffmann,2/28/1953,Brazilian,http://en.wikipedia.org/wiki/Ingo_Hoffmann
254,zorzi,0,\N,Renzo,Zorzi,12/12/1946,Italian,http://en.wikipedia.org/wiki/Renzo_Zorzi
255,nilsson,0,\N,Gunnar,Nilsson,11/20/1948,Swedish,http://en.wikipedia.org/wiki/Gunnar_Nilsson
256,perkins,0,\N,Larry,Perkins,3/18/1950,Australian,http://en.wikipedia.org/wiki/Larry_Perkins
257,hayje,0,\N,Boy,Lunger,5/3/1949,Dutch,http://en.wikipedia.org/wiki/Boy_Hayje
258,neve,0,\N,Patrick,Nève,10/13/1949,Belgian,http://en.wikipedia.org/wiki/Patrick_Neve
259,purley,0,\N,David,Purley,1/26/1945,British,http://en.wikipedia.org/wiki/David_Purley
260,andersson,0,\N,Conny,Andersson,12/28/1939,Swedish,http://en.wikipedia.org/wiki/Conny_Andersson_(racing_driver)
261,dryver,0,\N,Bernard,de Dryver,9/19/1952,Belgian,http://en.wikipedia.org/wiki/Bernard_de_Dryver
262,oliver,0,\N,Jackie,Oliver,8/14/1942,British,http://en.wikipedia.org/wiki/Jackie_Oliver
263,kozarowitzky,0,\N,Mikko,Kozarowitzky,5/17/1948,Finnish,http://en.wikipedia.org/wiki/Mikko_Kozarowitzky
264,sutcliffe,0,\N,Andy,Sutcliffe,5/9/1947,British,http://en.wikipedia.org/wiki/Andy_Sutcliffe
265,edwards,0,\N,Guy,Edwards,12/30/1942,British,http://en.wikipedia.org/wiki/Guy_Edwards
266,mcguire,0,\N,Brian,McGuire,12/13/1945,Australian,http://en.wikipedia.org/wiki/Brian_McGuire
267,schuppan,0,\N,Vern,Schuppan,3/19/1943,Australian,http://en.wikipedia.org/wiki/Vern_Schuppan
268,heyer,0,\N,Hans,Heyer,3/16/1943,German,http://en.wikipedia.org/wiki/Hans_Heyer
269,pilette,0,\N,Teddy,Pilette,7/26/1942,Belgian,http://en.wikipedia.org/wiki/Teddy_Pilette
270,ashley,0,\N,Ian,Ashley,10/26/1947,British,http://en.wikipedia.org/wiki/Ian_Ashley
271,kessel,0,\N,Loris,Kessel,4/1/1950,Swiss,http://en.wikipedia.org/wiki/Loris_Kessel
272,takahashi,0,\N,Kunimitsu,Takahashi,1/29/1940,Japanese,http://en.wikipedia.org/wiki/Kunimitsu_Takahashi
273,hoshino,0,\N,Kazuyoshi,Hoshino,7/1/1947,Japanese,http://en.wikipedia.org/wiki/Kazuyoshi_Hoshino
274,takahara,0,\N,Noritake,Takahara,6/6/1951,Japanese,http://en.wikipedia.org/wiki/Noritake_Takahara
275,lombardi,0,\N,Lella,Lombardi,3/26/1941,Italian,http://en.wikipedia.org/wiki/Lella_Lombardi
276,evans,0,\N,Bob,Evans,6/11/1947,British,http://en.wikipedia.org/wiki/Bob_Evans_(race_driver)
277,leclere,0,\N,Michel,Leclère,3/18/1946,French,http://en.wikipedia.org/wiki/Michel_Lecl%C3%A8re
278,amon,0,\N,Chris,Amon,7/20/1943,New Zealander,http://en.wikipedia.org/wiki/Chris_Amon
279,zapico,0,\N,Emilio,Zapico,5/27/1944,Spanish,http://en.wikipedia.org/wiki/Emilio_Zapico
280,pescarolo,0,\N,Henri,Pescarolo,9/25/1942,French,http://en.wikipedia.org/wiki/Henri_Pescarolo
281,nelleman,0,\N,Jac,Nelleman,4/19/1944,Danish,http://en.wikipedia.org/wiki/Jac_Nelleman
282,magee,0,\N,Damien,Magee,11/17/1945,British,http://en.wikipedia.org/wiki/Damien_Magee
283,wilds,0,\N,Mike,Wilds,1/7/1946,British,http://en.wikipedia.org/wiki/Mike_Wilds
284,pesenti_rossi,0,\N,Alessandro,Pesenti-Rossi,8/31/1942,Italian,http://en.wikipedia.org/wiki/Alessandro_Pesenti-Rossi
285,stuppacher,0,\N,Otto,Stuppacher,3/3/1947,Austrian,http://en.wikipedia.org/wiki/Otto_Stuppacher
286,brown,0,\N,Warwick,Brown,12/24/1949,Australian,http://en.wikipedia.org/wiki/Warwick_Brown
287,hasemi,0,\N,Masahiro,Hasemi,11/13/1945,Japanese,http://en.wikipedia.org/wiki/Masahiro_Hasemi
288,donohue,0,\N,Mark,Donohue,3/18/1937,American,http://en.wikipedia.org/wiki/Mark_Donohue
289,hill,0,\N,Graham,Hill,2/15/1929,British,http://en.wikipedia.org/wiki/Graham_Hill
290,wilson_fittipaldi,0,\N,Wilson,Fittipaldi,12/25/1943,Brazilian,http://en.wikipedia.org/wiki/Wilson_Fittipaldi
291,tunmer,0,\N,Guy,Tunmer,12/1/1948,South African,http://en.wikipedia.org/wiki/Guy_Tunmer
292,keizan,0,\N,Eddie,Keizan,9/12/1944,South African,http://en.wikipedia.org/wiki/Eddie_Keizan
293,charlton,0,\N,Dave,Charlton,10/27/1936,South African,http://en.wikipedia.org/wiki/Dave_Charlton
294,brise,0,\N,Tony,Brise,3/28/1952,British,http://en.wikipedia.org/wiki/Tony_Brise
295,wunderink,0,\N,Roelof,Wunderink,12/12/1948,Dutch,http://en.wikipedia.org/wiki/Roelof_Wunderink
296,migault,0,\N,François,Migault,12/4/1944,French,http://en.wikipedia.org/wiki/Fran%C3%A7ois_Migault
297,palm,0,\N,Torsten,Palm,7/23/1947,Swedish,http://en.wikipedia.org/wiki/Torsten_Palm
298,lennep,0,\N,Gijs,van Lennep,3/16/1942,Dutch,http://en.wikipedia.org/wiki/Gijs_Van_Lennep
299,fushida,0,\N,Hiroshi,Fushida,3/10/1946,Japanese,http://en.wikipedia.org/wiki/Hiroshi_Fushida
300,nicholson,0,\N,John,Nicholson,10/6/1941,New Zealander,http://en.wikipedia.org/wiki/John_Nicholson_(racing_driver)
301,morgan,0,\N,Dave,Morgan,8/7/1944,British,http://en.wikipedia.org/wiki/Dave_Morgan_(racing_driver)
302,crawford,0,\N,Jim,Crawford,2/13/1948,British,http://en.wikipedia.org/wiki/Jim_Crawford_(driver)
303,vonlanthen,0,\N,Jo,Vonlanthen,5/31/1942,Swiss,http://en.wikipedia.org/wiki/Jo_Vonlanthen
304,hulme,0,\N,Denny,Hulme,6/18/1936,New Zealander,http://en.wikipedia.org/wiki/Denny_Hulme
305,hailwood,0,\N,Mike,Hailwood,4/2/1940,British,http://en.wikipedia.org/wiki/Mike_Hailwood
306,beltoise,0,\N,Jean-Pierre,Beltoise,4/26/1937,French,http://en.wikipedia.org/wiki/Jean-Pierre_Beltoise
307,ganley,0,\N,Howden,Ganley,12/24/1941,New Zealander,http://en.wikipedia.org/wiki/Howden_Ganley
308,robarts,0,\N,Richard,Robarts,9/22/1944,British,http://en.wikipedia.org/wiki/Richard_Robarts
309,revson,0,\N,Peter,Revson,2/27/1939,American,http://en.wikipedia.org/wiki/Peter_Revson
310,driver,0,\N,Paddy,Driver,5/13/1934,South African,http://en.wikipedia.org/wiki/Paddy_Driver
311,belso,0,\N,Tom,Belsø,8/27/1942,Danish,http://en.wikipedia.org/wiki/Tom_Bels%C3%B8
312,redman,0,\N,Brian,Redman,3/9/1937,British,http://en.wikipedia.org/wiki/Brian_Redman
313,opel,0,\N,Rikky,von Opel,10/14/1947,Liechtensteiner,http://en.wikipedia.org/wiki/Rikky_von_Opel
314,schenken,0,\N,Tim,Schenken,9/26/1943,Australian,http://en.wikipedia.org/wiki/Tim_Schenken
315,larrousse,0,\N,Gérard,Larrousse,5/23/1940,French,http://en.wikipedia.org/wiki/G%C3%A9rard_Larrousse
316,kinnunen,0,\N,Leo,Kinnunen,8/5/1943,Finnish,http://en.wikipedia.org/wiki/Leo_Kinnunen
317,wisell,0,\N,Reine,Wisell,9/30/1941,Swedish,http://en.wikipedia.org/wiki/Reine_Wisell
318,roos,0,\N,Bertil,Roos,10/12/1943,Swedish,http://en.wikipedia.org/wiki/Bertil_Roos
319,dolhem,0,\N,José,Dolhem,4/26/1944,French,http://en.wikipedia.org/wiki/Jos%C3%A9_Dolhem
320,gethin,0,\N,Peter,Gethin,2/21/1940,British,http://en.wikipedia.org/wiki/Peter_Gethin
321,bell,0,\N,Derek,Bell,10/31/1941,British,http://en.wikipedia.org/wiki/Derek_Bell_(auto_racer)
322,hobbs,0,\N,David,Hobbs,6/9/1939,British,http://en.wikipedia.org/wiki/David_Hobbs_(racing_driver)
323,quester,0,\N,Dieter,Quester,5/30/1939,Austrian,http://en.wikipedia.org/wiki/Dieter_Quester
324,koinigg,0,\N,Helmuth,Koinigg,11/3/1948,Austrian,http://en.wikipedia.org/wiki/Helmuth_Koinigg
325,facetti,0,\N,Carlo,Facetti,6/26/1935,Italian,http://en.wikipedia.org/wiki/Carlo_Facetti
326,wietzes,0,\N,Eppie,Wietzes,5/28/1938,Canadian,http://en.wikipedia.org/wiki/Eppie_Wietzes
327,cevert,0,\N,François,Cevert,2/25/1944,French,http://en.wikipedia.org/wiki/Fran%C3%A7ois_Cevert
328,stewart,0,\N,Jackie,Stewart,6/11/1939,British,http://en.wikipedia.org/wiki/Jackie_Stewart
329,beuttler,0,\N,Mike,Beuttler,4/13/1940,British,http://en.wikipedia.org/wiki/Mike_Beuttler
330,galli,0,\N,Nanni,Galli,10/2/1940,Italian,http://en.wikipedia.org/wiki/Nanni_Galli
331,bueno,0,\N,Luiz,Bueno,1/16/1937,Brazilian,http://en.wikipedia.org/wiki/Luiz_Bueno
332,follmer,0,\N,George,Follmer,1/27/1934,American,http://en.wikipedia.org/wiki/George_Follmer
333,adamich,0,\N,Andrea,de Adamich,10/3/1941,Italian,http://en.wikipedia.org/wiki/Andrea_de_Adamich
334,pretorius,0,\N,Jackie,Pretorius,11/22/1934,South African,http://en.wikipedia.org/wiki/Jackie_Pretorius
335,williamson,0,\N,Roger,Williamson,2/2/1948,British,http://en.wikipedia.org/wiki/Roger_Williamson
336,mcrae,0,\N,Graham,McRae,3/5/1940,New Zealander,http://en.wikipedia.org/wiki/Graham_McRae
337,marko,0,\N,Helmut,Marko,4/27/1943,Austrian,http://en.wikipedia.org/wiki/Helmut_Marko
338,walker,0,\N,David,Walker,6/10/1941,Australian,http://en.wikipedia.org/wiki/David_Walker_(racing_driver)
339,roig,0,\N,Alex,Soler-Roig,10/29/1932,Spanish,http://en.wikipedia.org/wiki/Alex_Soler-Roig
340,love,0,\N,John,Love,12/7/1924,Rhodesian,http://en.wikipedia.org/wiki/John_Love_(racing_driver)
341,surtees,0,\N,John,Surtees,2/11/1934,British,http://en.wikipedia.org/wiki/John_Surtees
342,barber,0,\N,Skip,Barber,11/16/1936,American,http://en.wikipedia.org/wiki/Skip_Barber
343,brack,0,\N,Bill,Brack,12/26/1935,Canadian,http://en.wikipedia.org/wiki/Bill_Brack
344,posey,0,\N,Sam,Posey,5/26/1944,American,http://en.wikipedia.org/wiki/Sam_Posey
345,rodriguez,0,\N,Pedro,Rodríguez,1/18/1940,Mexican,http://en.wikipedia.org/wiki/Pedro_Rodr%C3%ADguez_(racing_driver)
346,siffert,0,\N,Jo,Siffert,7/7/1936,Swiss,http://en.wikipedia.org/wiki/Jo_Siffert
347,bonnier,0,\N,Jo,Bonnier,1/31/1930,Swedish,http://en.wikipedia.org/wiki/Joakim_Bonnier
348,mazet,0,\N,François,Mazet,2/24/1943,French,http://en.wikipedia.org/wiki/Fran%C3%A7ois_Mazet
349,jean,0,\N,Max,Jean,7/27/1943,French,http://en.wikipedia.org/wiki/Max_Jean
350,elford,0,\N,Vic,Elford,6/10/1935,British,http://en.wikipedia.org/wiki/Vic_Elford
351,moser,0,\N,Silvio,Moser,4/24/1941,Swiss,http://en.wikipedia.org/wiki/Silvio_Moser
352,eaton,0,\N,George,Eaton,11/12/1945,Canadian,http://en.wikipedia.org/wiki/George_Eaton
353,lovely,0,\N,Pete,Lovely,4/11/1926,American,http://en.wikipedia.org/wiki/Pete_Lovely
354,craft,0,\N,Chris,Craft,11/17/1939,British,http://en.wikipedia.org/wiki/Chris_Craft_(racing_driver)
355,Cannoc,0,\N,John,Cannon,6/21/1933,Canadian,http://en.wikipedia.org/wiki/John_Cannon_(auto_racer)
356,jack_brabham,0,\N,Jack,Brabham,4/2/1926,Australian,http://en.wikipedia.org/wiki/Jack_Brabham
357,miles,0,\N,John,Miles,6/14/1943,British,http://en.wikipedia.org/wiki/John_Miles_(auto_racer)
358,rindt,0,\N,Jochen,Rindt,4/18/1942,Austrian,http://en.wikipedia.org/wiki/Jochen_Rindt
359,gavin,0,\N,Johnny,Servoz-Gavin,1/18/1942,French,http://en.wikipedia.org/wiki/Johnny_Servoz-Gavin
360,mclaren,0,\N,Bruce,McLaren,8/30/1937,New Zealander,http://en.wikipedia.org/wiki/Bruce_McLaren
361,courage,0,\N,Piers,Courage,5/27/1942,British,http://en.wikipedia.org/wiki/Piers_Courage
362,klerk,0,\N,Peter,de Klerk,3/16/1935,South African,http://en.wikipedia.org/wiki/Peter_de_Klerk
363,giunti,0,\N,Ignazio,Giunti,8/30/1941,Italian,http://en.wikipedia.org/wiki/Ignazio_Giunti
364,gurney,0,\N,Dan,Gurney,4/13/1931,American,http://en.wikipedia.org/wiki/Dan_Gurney
365,hahne,0,\N,Hubert,Hahne,3/28/1935,German,http://en.wikipedia.org/wiki/Hubert_Hahne
366,hutchison,0,\N,Gus,Hutchison,4/26/1937,American,http://en.wikipedia.org/wiki/Gus_Hutchison
367,westbury,0,\N,Peter,Westbury,5/26/1938,British,http://en.wikipedia.org/wiki/Peter_Westbury
368,tingle,0,\N,Sam,Tingle,8/24/1921,Rhodesian,http://en.wikipedia.org/wiki/Sam_Tingle
369,rooyen,0,\N,Basil,van Rooyen,4/19/1939,South African,http://en.wikipedia.org/wiki/Basil_van_Rooyen
370,attwood,0,\N,Richard,Attwood,4/4/1940,British,http://en.wikipedia.org/wiki/Richard_Attwood
371,pease,0,\N,Al,Pease,10/15/1921,Canadian,http://en.wikipedia.org/wiki/Al_Pease
372,cordts,0,\N,John,Cordts,7/23/1935,Canadian,http://en.wikipedia.org/wiki/John_Cordts
373,clark,0,\N,Jim,Clark,3/4/1936,British,http://en.wikipedia.org/wiki/Jim_Clark
374,spence,0,\N,Mike,Spence,12/30/1936,British,http://en.wikipedia.org/wiki/Mike_Spence
375,scarfiotti,0,\N,Ludovico,Scarfiotti,10/18/1933,Italian,http://en.wikipedia.org/wiki/Ludovico_Scarfiotti
376,bianchi,0,BIA,Lucien,Bianchi,11/10/1934,Belgian,http://en.wikipedia.org/wiki/Lucien_Bianchi
377,jo_schlesser,0,\N,Jo,Schlesser,5/18/1928,French,http://en.wikipedia.org/wiki/Jo_Schlesser
378,widdows,0,\N,Robin,Widdows,5/27/1942,British,http://en.wikipedia.org/wiki/Robin_Widdows
379,ahrens,0,\N,Kurt,Ahrens,4/19/1940,German,"http://en.wikipedia.org/wiki/Kurt_Ahrens,_Jr."
380,gardner,0,\N,Frank,Gardner,10/1/1930,Australian,http://en.wikipedia.org/wiki/Frank_Gardner_(driver)
381,unser,0,\N,Bobby,Unser,2/20/1934,American,http://en.wikipedia.org/wiki/Bobby_Unser
382,solana,0,\N,Moisés,Solana,12/26/1935,Mexican,http://en.wikipedia.org/wiki/Mois%C3%A9s_Solana
383,anderson,0,\N,Bob,Anderson,5/19/1931,British,http://en.wikipedia.org/wiki/Bob_Anderson_(racing_driver)
384,botha,0,\N,Luki,Botha,1/16/1930,South African,http://en.wikipedia.org/wiki/Luki_Botha
385,bandini,0,\N,Lorenzo,Bandini,12/21/1935,Italian,http://en.wikipedia.org/wiki/Lorenzo_Bandini
386,ginther,0,\N,Richie,Ginther,8/5/1930,American,http://en.wikipedia.org/wiki/Richie_Ginther
387,parkes,0,\N,Mike,Parkes,9/24/1931,British,http://en.wikipedia.org/wiki/Mike_Parkes
388,irwin,0,\N,Chris,Irwin,6/27/1942,British,http://en.wikipedia.org/wiki/Chris_Irwin
389,ligier,0,\N,Guy,Ligier,7/12/1930,French,http://en.wikipedia.org/wiki/Guy_Ligier
390,rees,0,\N,Alan,Rees,1/12/1938,British,http://en.wikipedia.org/wiki/Alan_Rees_(racing_driver)
391,hart,0,\N,Brian,Hart,9/7/1936,British,http://en.wikipedia.org/wiki/Brian_Hart
392,fisher,0,\N,Mike,Fisher,3/13/1943,American,http://en.wikipedia.org/wiki/Mike_Fisher_(driver)
393,tom_jones,0,\N,Tom,Jones,4/26/1943,American,http://en.wikipedia.org/wiki/Tom_Jones_(auto_racer)
394,baghetti,0,\N,Giancarlo,Baghetti,12/25/1934,Italian,http://en.wikipedia.org/wiki/Giancarlo_Baghetti
395,williams,0,\N,Jonathan,Williams,10/26/1942,British,http://en.wikipedia.org/wiki/Jonathan_Williams_(racing_driver)
396,bondurant,0,\N,Bob,Bondurant,4/27/1933,American,http://en.wikipedia.org/wiki/Bob_Bondurant
397,arundell,0,\N,Peter,Arundell,11/8/1933,British,http://en.wikipedia.org/wiki/Peter_Arundell
398,vic_wilson,0,\N,Vic,Wilson,4/14/1931,British,http://en.wikipedia.org/wiki/Vic_Wilson_(motor_racing_driver)
399,taylor,0,\N,John,Taylor,3/23/1933,British,http://en.wikipedia.org/wiki/John_Taylor_(racer)
400,lawrence,0,\N,Chris,Lawrence,7/27/1933,British,http://en.wikipedia.org/wiki/Chris_Lawrence_(racing_driver)
401,trevor_taylor,0,\N,Trevor,Taylor,12/26/1936,British,http://en.wikipedia.org/wiki/Trevor_Taylor
402,geki,0,\N,Giacomo,Russo,10/23/1937,Italian,http://en.wikipedia.org/wiki/Geki_(driver)
403,phil_hill,0,\N,Phil,Hill,4/20/1927,American,http://en.wikipedia.org/wiki/Phil_Hill
404,ireland,0,\N,Innes,Ireland,6/12/1930,British,http://en.wikipedia.org/wiki/Innes_Ireland
405,bucknum,0,\N,Ronnie,Bucknum,4/5/1936,American,http://en.wikipedia.org/wiki/Ronnie_Bucknum
406,hawkins,0,\N,Paul,Hawkins,10/12/1937,Australian,http://en.wikipedia.org/wiki/Paul_Hawkins_(racing_driver)
407,prophet,0,\N,David,Prophet,10/9/1937,British,http://en.wikipedia.org/wiki/David_Prophet
408,maggs,0,\N,Tony,Maggs,2/9/1937,South African,http://en.wikipedia.org/wiki/Tony_Maggs
409,blokdyk,0,\N,Trevor,Blokdyk,11/30/1935,South African,http://en.wikipedia.org/wiki/Trevor_Blokdyk
410,lederle,0,\N,Neville,Lederle,9/25/1938,South African,http://en.wikipedia.org/wiki/Neville_Lederle
411,serrurier,0,\N,Doug,Serrurier,12/9/1920,South African,http://en.wikipedia.org/wiki/Doug_Serrurier
412,niemann,0,\N,Brausch,Niemann,1/7/1939,South African,http://en.wikipedia.org/wiki/Brausch_Niemann
413,pieterse,0,\N,Ernie,Pieterse,7/4/1938,South African,http://en.wikipedia.org/wiki/Ernie_Pieterse
414,puzey,0,\N,Clive,Puzey,7/11/1941,Rhodesian,http://en.wikipedia.org/wiki/Clive_Puzey
415,reed,0,\N,Ray,Reed,4/30/1932,South African,http://en.wikipedia.org/wiki/Ray_Reed
416,clapham,0,\N,David,Clapham,5/18/1931,South African,http://en.wikipedia.org/wiki/David_Clapham
417,blignaut,0,\N,Alex,Blignaut,11/30/1932,South African,http://en.wikipedia.org/wiki/Alex_Blignaut
418,gregory,0,\N,Masten,Gregory,2/29/1932,American,http://en.wikipedia.org/wiki/Masten_Gregory
419,rhodes,0,\N,John,Rhodes,8/18/1927,British,http://en.wikipedia.org/wiki/John_Rhodes_(driver)
420,raby,0,\N,Ian,Raby,9/22/1921,British,http://en.wikipedia.org/wiki/Ian_Raby
421,rollinson,0,\N,Alan,Rollinson,5/15/1943,British,http://en.wikipedia.org/wiki/Alan_Rollinson
422,gubby,0,\N,Brian,Gubby,4/17/1934,British,http://en.wikipedia.org/wiki/Brian_Gubby
423,mitter,0,\N,Gerhard,Mitter,8/30/1935,German,http://en.wikipedia.org/wiki/Gerhard_Mitter
424,bussinello,0,\N,Roberto,Bussinello,10/4/1927,Italian,http://en.wikipedia.org/wiki/Roberto_Bussinello
425,vaccarella,0,\N,Nino,Vaccarella,3/4/1933,Italian,http://en.wikipedia.org/wiki/Nino_Vaccarella
426,bassi,0,\N,Giorgio,Bassi,1/20/1934,Italian,http://en.wikipedia.org/wiki/Giorgio_Bassi
427,trintignant,0,\N,Maurice,Trintignant,10/30/1917,French,http://en.wikipedia.org/wiki/Maurice_Trintignant
428,collomb,0,\N,Bernard,Collomb,10/7/1930,French,http://en.wikipedia.org/wiki/Bernard_Collomb
429,andre_pilette,0,\N,André,Pilette,10/6/1918,Belgian,http://en.wikipedia.org/wiki/Andr%C3%A9_Pilette
430,beaufort,0,\N,Carel Godin,de Beaufort,4/10/1934,Dutch,http://en.wikipedia.org/wiki/Carel_Godin_de_Beaufort
431,barth,0,\N,Edgar,Barth,1/26/1917,German,http://en.wikipedia.org/wiki/Edgar_Barth
432,cabral,0,\N,Mário de Araújo,Cabral,1/15/1934,Portuguese,http://en.wikipedia.org/wiki/Mario_de_Araujo_Cabral
433,hansgen,0,\N,Walt,Hansgen,10/28/1919,American,http://en.wikipedia.org/wiki/Walt_Hansgen
434,sharp,0,\N,Hap,Sharp,1/1/1928,American,http://en.wikipedia.org/wiki/Hap_Sharp
435,mairesse,0,\N,Willy,Mairesse,10/1/1928,Belgian,http://en.wikipedia.org/wiki/Willy_Mairesse
436,campbell-jones,0,\N,John,Campbell-Jones,1/21/1930,British,http://en.wikipedia.org/wiki/John_Campbell-Jones
437,burgess,0,\N,Ian,Burgess,7/6/1930,British,http://en.wikipedia.org/wiki/Ian_Burgess
438,settember,0,\N,Tony,Settember,7/10/1926,American,http://en.wikipedia.org/wiki/Tony_Settember
439,estefano,0,\N,Nasif,Estéfano,11/18/1932,Argentine,http://en.wikipedia.org/wiki/Nasif_Est%C3%A9fano
440,hall,0,\N,Jim,Hall,7/23/1935,American,http://en.wikipedia.org/wiki/Jim_Hall_(race_car_driver)
441,parnell,0,\N,Tim,Parnell,6/25/1932,British,http://en.wikipedia.org/wiki/Tim_Parnell
442,kuhnke,0,\N,Kurt,Kuhnke,4/30/1910,German,http://en.wikipedia.org/wiki/Kurt_Kuhnke
443,ernesto_brambilla,0,\N,Ernesto,Brambilla,1/31/1934,Italian,http://en.wikipedia.org/wiki/Ernesto_Brambilla
444,lippi,0,\N,Roberto,Lippi,10/17/1926,Italian,http://en.wikipedia.org/wiki/Roberto_Lippi
445,seiffert,0,\N,Günther,Seiffert,10/18/1937,German,http://en.wikipedia.org/wiki/G%C3%BCnther_Seiffert
446,abate,0,\N,Carlo,Abate,7/10/1932,Italian,http://en.wikipedia.org/wiki/Carlo_Mario_Abate
447,starrabba,0,\N,Gaetano,Starrabba,12/3/1932,Italian,http://en.wikipedia.org/wiki/Gaetano_Starrabba
448,broeker,0,\N,Peter,Broeker,5/15/1926,Canadian,http://en.wikipedia.org/wiki/Peter_Broeker
449,ward,0,\N,Rodger,Ward,1/10/1921,American,http://en.wikipedia.org/wiki/Rodger_Ward
450,vos,0,\N,Ernie,de Vos,7/1/1941,Dutch,http://en.wikipedia.org/wiki/Ernie_de_Vos
451,dochnal,0,\N,Frank,Dochnal,10/8/1920,American,http://en.wikipedia.org/wiki/Frank_Dochnal
452,monarch,0,\N,Thomas,Monarch,9/3/1945,American,
842,gasly,10,GAS,Pierre,Gasly,2/7/1996,French,http://en.wikipedia.org/wiki/Pierre_Gasly
453,lewis,0,\N,Jackie,Lewis,11/1/1936,British,http://en.wikipedia.org/wiki/Jackie_Lewis
454,ricardo_rodriguez,0,\N,Ricardo,Rodríguez,2/14/1942,Mexican,http://en.wikipedia.org/wiki/Ricardo_Rodr%C3%ADguez_(Formula_One)
455,seidel,0,\N,Wolfgang,Seidel,7/4/1926,German,http://en.wikipedia.org/wiki/Wolfgang_Seidel
456,salvadori,0,\N,Roy,Salvadori,5/12/1922,British,http://en.wikipedia.org/wiki/Roy_Salvadori
457,pon,0,\N,Ben,Pon,12/9/1936,Dutch,http://en.wikipedia.org/wiki/Ben_Pon
458,slotemaker,0,\N,Rob,Slotemaker,6/13/1929,Dutch,http://en.wikipedia.org/wiki/Rob_Slotemaker
459,marsh,0,\N,Tony,Marsh,7/20/1931,British,http://en.wikipedia.org/wiki/Tony_Marsh_(racing_driver)
460,ashmore,0,\N,Gerry,Ashmore,7/25/1936,British,http://en.wikipedia.org/wiki/Gerry_Ashmore
461,schiller,0,\N,Heinz,Schiller,1/25/1930,Swiss,http://en.wikipedia.org/wiki/Heinz_Schiller
462,davis,0,\N,Colin,Davis,7/29/1933,British,http://en.wikipedia.org/wiki/Colin_Davis_(driver)
463,chamberlain,0,\N,Jay,Chamberlain,12/29/1925,American,http://en.wikipedia.org/wiki/Jay_Chamberlain
464,shelly,0,\N,Tony,Shelly,2/2/1937,New Zealander,http://en.wikipedia.org/wiki/Tony_Shelly
465,greene,0,\N,Keith,Greene,1/5/1938,British,http://en.wikipedia.org/wiki/Keith_Greene
466,walter,0,\N,Heini,Walter,7/28/1927,Swiss,http://en.wikipedia.org/wiki/Heini_Walter
467,prinoth,0,\N,Ernesto,Prinoth,4/15/1923,Italian,http://en.wikipedia.org/wiki/Ernesto_Prinoth
468,penske,0,\N,Roger,Penske,2/20/1937,American,http://en.wikipedia.org/wiki/Roger_Penske
469,schroeder,0,\N,Rob,Schroeder,5/11/1926,British,http://en.wikipedia.org/wiki/Rob_Schroeder
470,mayer,0,\N,Timmy,Mayer,2/22/1938,American,http://en.wikipedia.org/wiki/Timmy_Mayer
471,johnstone,0,\N,Bruce,Johnstone,1/30/1937,South African,http://en.wikipedia.org/wiki/Bruce_Johnstone_(racing_driver)
472,harris,0,\N,Mike,Harris,5/25/1939,South African,http://en.wikipedia.org/wiki/Mike_Harris_(race_car_driver)
473,hocking,0,\N,Gary,Hocking,9/30/1937,Rhodesian,http://en.wikipedia.org/wiki/Gary_Hocking
474,vyver,0,\N,Syd,van der Vyver,6/1/1920,South African,http://en.wikipedia.org/wiki/Syd_van_der_Vyver
475,moss,0,\N,Stirling,Moss,9/17/1929,British,http://en.wikipedia.org/wiki/Stirling_Moss
476,trips,0,\N,Wolfgang,von Trips,5/4/1928,German,http://en.wikipedia.org/wiki/Wolfgang_Graf_Berghe_von_Trips
477,allison,0,\N,Cliff,Allison,2/8/1932,British,http://en.wikipedia.org/wiki/Cliff_Allison
478,herrmann,0,\N,Hans,Herrmann,2/23/1928,German,http://en.wikipedia.org/wiki/Hans_Herrmann
479,brooks,0,\N,Tony,Brooks,2/25/1932,British,http://en.wikipedia.org/wiki/Tony_Brooks
480,may,0,\N,Michael,May,8/18/1934,Swiss,http://en.wikipedia.org/wiki/Michael_May_(racing_driver)
481,henry_taylor,0,\N,Henry,Taylor,12/16/1932,British,http://en.wikipedia.org/wiki/Henry_Taylor_(racing_driver)
482,gendebien,0,\N,Olivier,Gendebien,1/12/1924,Belgian,http://en.wikipedia.org/wiki/Olivier_Gendebien
483,scarlatti,0,\N,Giorgio,Scarlatti,10/2/1921,Italian,http://en.wikipedia.org/wiki/Giorgio_Scarlatti
484,naylor,0,\N,Brian,Naylor,3/24/1923,British,http://en.wikipedia.org/wiki/Brian_Naylor
485,bordeu,0,\N,Juan Manuel,Bordeu,1/28/1934,Argentine,http://en.wikipedia.org/wiki/Juan_Manuel_Bordeu
486,fairman,0,\N,Jack,Fairman,3/15/1913,British,http://en.wikipedia.org/wiki/Jack_Fairman
487,natili,0,\N,Massimo,Natili,7/28/1935,Italian,http://en.wikipedia.org/wiki/Massimo_Natili
488,monteverdi,0,\N,Peter,Monteverdi,6/7/1934,Swiss,http://en.wikipedia.org/wiki/Peter_Monteverdi
489,pirocchi,0,\N,Renato,Pirocchi,3/26/1933,Italian,http://en.wikipedia.org/wiki/Renato_Pirocchi
490,duke,0,\N,Geoff,Duke,3/29/1923,British,http://en.wikipedia.org/wiki/Geoff_Duke
491,thiele,0,\N,Alfonso,Thiele,4/5/1920,American-Italian,http://en.wikipedia.org/wiki/Alfonso_Thiele
492,boffa,0,\N,Menato,Boffa,1/4/1930,Italian,http://en.wikipedia.org/wiki/Menato_Boffa
493,ryan,0,\N,Peter,Ryan,6/10/1940,Canadian,http://en.wikipedia.org/wiki/Peter_Ryan_(driver)
494,ruby,0,\N,Lloyd,Ruby,1/12/1928,American,http://en.wikipedia.org/wiki/Lloyd_Ruby
495,ken_miles,0,\N,Ken,Miles,11/1/1918,British,http://en.wikipedia.org/wiki/Ken_Miles
496,menditeguy,0,\N,Carlos,Menditeguy,8/10/1914,Argentine,http://en.wikipedia.org/wiki/Carlos_Menditeguy
497,larreta,0,\N,Alberto Rodriguez,Larreta,1/14/1934,Argentine,http://en.wikipedia.org/wiki/Alberto_Rodriguez_Larreta
498,gonzalez,0,\N,José Froilán,González,10/5/1922,Argentine,http://en.wikipedia.org/wiki/Jos%C3%A9_Froil%C3%A1n_Gonz%C3%A1lez
499,bonomi,0,\N,Roberto,Bonomi,9/30/1919,Argentine,http://en.wikipedia.org/wiki/Roberto_Bonomi
500,munaron,0,\N,Gino,Munaron,4/2/1928,Italian,http://en.wikipedia.org/wiki/Gino_Munaron
501,schell,0,\N,Harry,Schell,6/29/1921,American,http://en.wikipedia.org/wiki/Harry_Schell
502,stacey,0,\N,Alan,Stacey,8/29/1933,British,http://en.wikipedia.org/wiki/Alan_Stacey
503,chimeri,0,\N,Ettore,Chimeri,6/4/1921,Venezuelan,http://en.wikipedia.org/wiki/Ettore_Chimeri
504,creus,0,\N,Antonio,Creus,10/28/1924,Spanish,http://en.wikipedia.org/wiki/Antonio_Creus
505,bristow,0,\N,Chris,Bristow,12/2/1937,British,http://en.wikipedia.org/wiki/Chris_Bristow
506,halford,0,\N,Bruce,Halford,5/18/1931,British,http://en.wikipedia.org/wiki/Bruce_Halford
507,daigh,0,\N,Chuck,Daigh,11/29/1923,American,http://en.wikipedia.org/wiki/Chuck_Daigh
508,reventlow,0,\N,Lance,Reventlow,2/24/1936,American,http://en.wikipedia.org/wiki/Lance_Reventlow
509,rathmann,0,\N,Jim,Rathmann,7/16/1928,American,http://en.wikipedia.org/wiki/Jim_Rathmann
510,goldsmith,0,\N,Paul,Goldsmith,10/2/1925,American,http://en.wikipedia.org/wiki/Paul_Goldsmith
511,branson,0,\N,Don,Branson,6/2/1920,American,http://en.wikipedia.org/wiki/Don_Branson
512,thomson,0,\N,Johnny,Thomson,4/9/1922,American,http://en.wikipedia.org/wiki/Johnny_Thomson
513,johnson,0,\N,Eddie,Johnson,2/10/1919,American,http://en.wikipedia.org/wiki/Eddie_Johnson_(auto_racer)
514,veith,0,\N,Bob,Veith,11/1/1926,American,http://en.wikipedia.org/wiki/Bob_Veith
515,tingelstad,0,\N,Bud,Tingelstad,4/4/1928,American,http://en.wikipedia.org/wiki/Bud_Tingelstad
516,christie,0,\N,Bob,Christie,4/4/1924,American,http://en.wikipedia.org/wiki/Bob_Christie_(racing_driver)
517,amick,0,\N,Red,Amick,1/19/1929,American,http://en.wikipedia.org/wiki/Red_Amick
518,darter,0,\N,Duane,Carter,5/5/1913,American,http://en.wikipedia.org/wiki/Duane_Carter
519,homeier,0,\N,Bill,Homeier,8/31/1918,American,http://en.wikipedia.org/wiki/Bill_Homeier
520,hartley,0,\N,Gene,Hartley,1/28/1926,American,http://en.wikipedia.org/wiki/Gene_Hartley
521,stevenson,0,\N,Chuck,Stevenson,10/15/1919,American,http://en.wikipedia.org/wiki/Chuck_Stevenson
522,grim,0,\N,Bobby,Grim,9/4/1924,American,http://en.wikipedia.org/wiki/Bobby_Grim
523,templeman,0,\N,Shorty,Templeman,8/12/1919,American,http://en.wikipedia.org/wiki/Shorty_Templeman
524,hurtubise,0,\N,Jim,Hurtubise,12/5/1932,American,http://en.wikipedia.org/wiki/Jim_Hurtubise
525,bryan,0,\N,Jimmy,Bryan,1/28/1926,American,http://en.wikipedia.org/wiki/Jimmy_Bryan
526,ruttman,0,\N,Troy,Ruttman,3/11/1930,American,http://en.wikipedia.org/wiki/Troy_Ruttman
527,sachs,0,\N,Eddie,Sachs,5/28/1927,American,http://en.wikipedia.org/wiki/Eddie_Sachs
528,freeland,0,\N,Don,Freeland,3/25/1925,American,http://en.wikipedia.org/wiki/Don_Freeland
529,bettenhausen,0,\N,Tony,Bettenhausen,9/12/1916,American,http://en.wikipedia.org/wiki/Tony_Bettenhausen
530,weiler,0,\N,Wayne,Weiler,12/9/1934,American,http://en.wikipedia.org/wiki/Wayne_Weiler
531,foyt,0,\N,Anthony,Foyt,1/16/1935,American,http://en.wikipedia.org/wiki/A.J._Foyt
532,russo,0,\N,Eddie,Russo,11/19/1925,American,http://en.wikipedia.org/wiki/Eddie_Russo
533,boyd,0,\N,Johnny,Boyd,8/19/1926,American,http://en.wikipedia.org/wiki/Johnny_Boyd
534,force,0,\N,Gene,Force,6/15/1916,American,http://en.wikipedia.org/wiki/Gene_Force
535,mcwithey,0,\N,Jim,McWithey,7/4/1927,American,http://en.wikipedia.org/wiki/Jim_McWithey
536,sutton,0,\N,Len,Sutton,8/9/1925,American,http://en.wikipedia.org/wiki/Len_Sutton
537,dick_rathmann,0,\N,Dick,Rathmann,1/6/1924,American,http://en.wikipedia.org/wiki/Dick_Rathmann
538,herman,0,\N,Al,Herman,3/15/1927,American,http://en.wikipedia.org/wiki/Al_Herman
539,dempsey_wilson,0,\N,Dempsey,Wilson,3/11/1927,American,http://en.wikipedia.org/wiki/Dempsey_Wilson
540,mike_taylor,0,\N,Mike,Taylor,4/24/1934,British,http://en.wikipedia.org/wiki/Mike_Taylor_(driver)
541,flockhart,0,\N,Ron,Flockhart,6/16/1923,British,http://en.wikipedia.org/wiki/Ron_Flockhart_(auto_racing)
542,piper,0,\N,David,Piper,12/2/1930,British,http://en.wikipedia.org/wiki/David_Piper
543,cabianca,0,\N,Giulio,Cabianca,2/19/1923,Italian,http://en.wikipedia.org/wiki/Giulio_Cabianca
544,drogo,0,\N,Piero,Drogo,8/8/1926,Italian,http://en.wikipedia.org/wiki/Piero_Drogo
545,gamble,0,\N,Fred,Gamble,3/17/1932,American,http://en.wikipedia.org/wiki/Fred_Gamble_(racing_driver)
546,owen,0,\N,Arthur,Owen,3/23/1915,British,http://en.wikipedia.org/wiki/Arthur_Owen
547,gould,0,\N,Horace,Gould,9/20/1918,British,http://en.wikipedia.org/wiki/Horace_Gould
548,drake,0,\N,Bob,Drake,12/14/1919,American,http://en.wikipedia.org/wiki/Bob_Drake_(Formula_One)
549,bueb,0,\N,Ivor,Bueb,6/6/1923,British,http://en.wikipedia.org/wiki/Ivor_Bueb
550,Changy,0,\N,Alain,de Changy,2/5/1922,Belgian,http://en.wikipedia.org/wiki/Alain_de_Changy
551,filippis,0,\N,Maria,de Filippis,11/11/1926,Italian,http://en.wikipedia.org/wiki/Maria_Teresa_de_Filippis
552,lucienbonnet,0,\N,Jean,Lucienbonnet,1/7/1923,French,http://en.wikipedia.org/wiki/Jean_Lucienbonnet
553,testut,0,\N,André,Testut,4/13/1926,Monegasque,http://en.wikipedia.org/wiki/Andr%C3%A9_Testut
554,behra,0,\N,Jean,Behra,2/16/1921,French,http://en.wikipedia.org/wiki/Jean_Behra
555,paul_russo,0,\N,Paul,Russo,4/10/1914,American,http://en.wikipedia.org/wiki/Paul_Russo
556,daywalt,0,\N,Jimmy,Daywalt,8/28/1924,American,http://en.wikipedia.org/wiki/Jimmy_Daywalt
557,arnold,0,\N,Chuck,Arnold,5/30/1926,American,http://en.wikipedia.org/wiki/Chuck_Arnold
558,keller,0,\N,Al,Keller,4/11/1920,American,http://en.wikipedia.org/wiki/Al_Keller
559,flaherty,0,\N,Pat,Flaherty,1/6/1926,American,http://en.wikipedia.org/wiki/Pat_Flaherty_(racing_driver)
560,cheesbourg,0,\N,Bill,Cheesbourg,6/12/1927,American,http://en.wikipedia.org/wiki/Bill_Cheesbourg
561,ray_crawford,0,\N,Ray,Crawford,10/26/1915,American,http://en.wikipedia.org/wiki/Ray_Crawford
562,turner,0,\N,Jack,Turner,2/12/1920,American,http://en.wikipedia.org/wiki/Jack_Turner_(driver)
563,weyant,0,\N,Chuck,Weyant,4/3/1923,American,http://en.wikipedia.org/wiki/Chuck_Weyant
564,larson,0,\N,Jud,Larson,1/21/1923,American,http://en.wikipedia.org/wiki/Jud_Larson
565,magill,0,\N,Mike,Magill,2/8/1920,American,http://en.wikipedia.org/wiki/Mike_Magill
566,shelby,0,\N,Carroll,Shelby,1/11/1923,American,http://en.wikipedia.org/wiki/Carroll_Shelby
567,orey,0,\N,Fritz,d'Orey,3/25/1938,Brazilian,http://en.wikipedia.org/wiki/Fritz_d%27Orey
568,fontes,0,\N,Azdrubal,Fontes,12/26/1922,Uruguayan,http://en.wikipedia.org/wiki/Azdrubal_Fontes
569,ashdown,0,\N,Peter,Ashdown,10/16/1934,British,http://en.wikipedia.org/wiki/Peter_Ashdown
570,bill_moss,0,\N,Bill,Moss,9/4/1933,British,http://en.wikipedia.org/wiki/Bill_Moss_(racing_driver)
571,dennis_taylor,0,\N,Dennis,Taylor,6/12/1921,British,http://en.wikipedia.org/wiki/Dennis_Taylor_(racing_driver)
572,blanchard,0,\N,Harry,Blanchard,6/13/1929,American,http://en.wikipedia.org/wiki/Harry_Blanchard
573,tomaso,0,\N,Alessandro,de Tomaso,7/10/1928,Argentine-Italian,http://en.wikipedia.org/wiki/Alessandro_de_Tomaso
574,constantine,0,\N,George,Constantine,2/22/1918,American,http://en.wikipedia.org/wiki/George_Constantine
575,said,0,\N,Bob,Said,5/5/1932,American,http://en.wikipedia.org/wiki/Bob_Said
576,cade,0,\N,Phil,Cade,6/12/1916,American,http://en.wikipedia.org/wiki/Phil_Cade
577,musso,0,\N,Luigi,Musso,7/28/1924,Italian,http://en.wikipedia.org/wiki/Luigi_Musso
578,hawthorn,0,\N,Mike,Hawthorn,4/10/1929,British,http://en.wikipedia.org/wiki/Mike_Hawthorn
579,fangio,0,\N,Juan,Fangio,6/24/1911,Argentine,http://en.wikipedia.org/wiki/Juan_Manuel_Fangio
580,godia,0,\N,Paco,Godia,3/21/1921,Spanish,http://en.wikipedia.org/wiki/Paco_Godia
581,collins,0,\N,Peter,Collins,11/6/1931,British,http://en.wikipedia.org/wiki/Peter_Collins_(racing_driver)
582,kavanagh,0,\N,Ken,Kavanagh,12/12/1923,Australian,http://en.wikipedia.org/wiki/Ken_Kavanagh
583,gerini,0,\N,Gerino,Gerini,8/10/1928,Italian,http://en.wikipedia.org/wiki/Gerino_Gerini_(racing_driver)
584,kessler,0,\N,Bruce,Kessler,3/23/1936,American,http://en.wikipedia.org/wiki/Bruce_Kessler
585,emery,0,\N,Paul,Emery,11/12/1916,British,http://en.wikipedia.org/wiki/Paul_Emery
586,piotti,0,\N,Luigi,Piotti,10/27/1913,Italian,http://en.wikipedia.org/wiki/Luigi_Piotti
587,ecclestone,0,\N,Bernie,Ecclestone,10/28/1930,British,http://en.wikipedia.org/wiki/Bernie_Ecclestone
588,taramazzo,0,\N,Luigi,Taramazzo,5/5/1932,Italian,http://en.wikipedia.org/wiki/Luigi_Taramazzo
589,chiron,0,\N,Louis,Chiron,1899-08-03,Monegasque,http://en.wikipedia.org/wiki/Louis_Chiron
590,lewis-evans,0,\N,Stuart,Lewis-Evans,4/20/1930,British,http://en.wikipedia.org/wiki/Stuart_Lewis-Evans
591,george_amick,0,\N,George,Amick,10/24/1924,American,http://en.wikipedia.org/wiki/George_Amick
592,reece,0,\N,Jimmy,Reece,11/17/1929,American,http://en.wikipedia.org/wiki/Jimmy_Reece
593,parsons,0,\N,Johnnie,Parsons,7/4/1918,American,http://en.wikipedia.org/wiki/Johnnie_Parsons
594,tolan,0,\N,Johnnie,Tolan,10/22/1917,American,http://en.wikipedia.org/wiki/Johnnie_Tolan
595,garrett,0,\N,Billy,Garrett,4/24/1933,American,http://en.wikipedia.org/wiki/Billy_Garrett
596,elisian,0,\N,Ed,Elisian,12/9/1926,American,http://en.wikipedia.org/wiki/Ed_Elisian
597,connor,0,\N,Pat,O'Connor,10/9/1928,American,http://en.wikipedia.org/wiki/Pat_O%27Connor_(auto_racer)
598,jerry_unser,0,\N,Jerry,Unser,11/15/1932,American,http://en.wikipedia.org/wiki/Jerry_Unser
599,bisch,0,\N,Art,Bisch,11/10/1926,American,http://en.wikipedia.org/wiki/Art_Bisch
600,goethals,0,\N,Christian,Goethals,8/4/1928,Belgian,http://en.wikipedia.org/wiki/Christian_Goethals
601,gibson,0,\N,Dick,Gibson,4/16/1918,British,http://en.wikipedia.org/wiki/Dick_Gibson
602,la_caze,0,\N,Robert,La Caze,2/26/1917,French,http://en.wikipedia.org/wiki/Robert_La_Caze
603,guelfi,0,\N,André,Guelfi,5/6/1919,French,http://en.wikipedia.org/wiki/Andr%C3%A9_Guelfi
604,picard,0,\N,François,Picard,4/26/1921,French,http://en.wikipedia.org/wiki/Fran%C3%A7ois_Picard
605,bridger,0,\N,Tom,Bridger,6/24/1934,British,http://en.wikipedia.org/wiki/Tom_Bridger
606,portago,0,\N,Alfonso,de Portago,10/11/1928,Spanish,http://en.wikipedia.org/wiki/Alfonso_de_Portago
607,perdisa,0,\N,Cesare,Perdisa,10/21/1932,Italian,http://en.wikipedia.org/wiki/Cesare_Perdisa
608,castellotti,0,\N,Eugenio,Castellotti,10/10/1930,Italian,http://en.wikipedia.org/wiki/Eugenio_Castellotti
609,simon,0,\N,André,Simon,1/5/1920,French,http://en.wikipedia.org/wiki/Andr%C3%A9_Simon_(racing_driver)
610,leston,0,\N,Les,Leston,12/16/1920,British,http://en.wikipedia.org/wiki/Les_Leston
611,hanks,0,\N,Sam,Hanks,7/13/1914,American,http://en.wikipedia.org/wiki/Sam_Hanks
612,linden,0,\N,Andy,Linden,4/5/1922,American,http://en.wikipedia.org/wiki/Andy_Linden_(racing_driver)
613,teague,0,\N,Marshall,Teague,2/22/1921,American,http://en.wikipedia.org/wiki/Marshall_Teague
614,edmunds,0,\N,Don,Edmunds,9/23/1930,American,http://en.wikipedia.org/wiki/Don_Edmunds
615,agabashian,0,\N,Fred,Agabashian,8/21/1913,American,http://en.wikipedia.org/wiki/Fred_Agabashian
616,george,0,\N,Elmer,George,7/15/1928,American,http://en.wikipedia.org/wiki/Elmer_George
617,macdowel,0,\N,Mike,MacDowel,9/13/1932,British,http://en.wikipedia.org/wiki/Mike_MacDowel
618,mackay-fraser,0,\N,Herbert,MacKay-Fraser,6/23/1927,American,http://en.wikipedia.org/wiki/Herbert_MacKay-Fraser
619,gerard,0,\N,Bob,Gerard,1/19/1914,British,http://en.wikipedia.org/wiki/Bob_Gerard
620,maglioli,0,\N,Umberto,Maglioli,6/5/1928,Italian,http://en.wikipedia.org/wiki/Umberto_Maglioli
621,england,0,\N,Paul,England,3/28/1929,Australian,http://en.wikipedia.org/wiki/Paul_England
622,landi,0,\N,Chico,Landi,7/14/1907,Brazilian,http://en.wikipedia.org/wiki/Chico_Landi
623,uria,0,\N,Alberto,Uria,7/11/1924,Uruguayan,http://en.wikipedia.org/wiki/Alberto_Uria
624,ramos,0,\N,Hernando,da Silva Ramos,12/7/1925,Brazilian,http://en.wikipedia.org/wiki/Hernando_da_Silva_Ramos
625,bayol,0,\N,Élie,Bayol,2/28/1914,French,http://en.wikipedia.org/wiki/%C3%89lie_Bayol
626,manzon,0,\N,Robert,Manzon,4/12/1917,French,http://en.wikipedia.org/wiki/Robert_Manzon
627,rosier,0,\N,Louis,Rosier,11/5/1905,French,http://en.wikipedia.org/wiki/Louis_Rosier
628,sweikert,0,\N,Bob,Sweikert,5/20/1926,American,http://en.wikipedia.org/wiki/Bob_Sweikert
629,griffith,0,\N,Cliff,Griffith,2/6/1916,American,http://en.wikipedia.org/wiki/Cliff_Griffith
630,dinsmore,0,\N,Duke,Dinsmore,4/10/1913,American,http://en.wikipedia.org/wiki/Duke_Dinsmore
631,andrews,0,\N,Keith,Andrews,6/15/1920,American,http://en.wikipedia.org/wiki/Keith_Andrews_(driver)
632,frere,0,\N,Paul,Frère,1/30/1917,Belgian,http://en.wikipedia.org/wiki/Paul_Fr%C3%A8re
633,villoresi,0,\N,Luigi,Villoresi,5/16/1909,Italian,http://en.wikipedia.org/wiki/Luigi_Villoresi
634,scotti,0,\N,Piero,Scotti,11/11/1909,Italian,http://en.wikipedia.org/wiki/Piero_Scotti
635,chapman,0,\N,Colin,Chapman,5/19/1928,British,http://en.wikipedia.org/wiki/Colin_Chapman
636,titterington,0,\N,Desmond,Titterington,5/1/1928,British,http://en.wikipedia.org/wiki/Desmond_Titterington
637,scott_Brown,0,\N,Archie,Scott Brown,5/13/1927,British,http://en.wikipedia.org/wiki/Archie_Scott_Brown
638,volonterio,0,\N,Ottorino,Volonterio,12/7/1917,Swiss,http://en.wikipedia.org/wiki/Ottorino_Volonterio
639,milhoux,0,\N,André,Milhoux,12/9/1928,Belgian,http://en.wikipedia.org/wiki/Andr%C3%A9_Milhoux
640,graffenried,0,\N,Toulo,de Graffenried,5/18/1914,Swiss,http://en.wikipedia.org/wiki/Toulo_de_Graffenried
641,taruffi,0,\N,Piero,Taruffi,10/12/1906,Italian,http://en.wikipedia.org/wiki/Piero_Taruffi
642,farina,0,\N,Nino,Farina,10/30/1906,Italian,http://en.wikipedia.org/wiki/Nino_Farina
643,mieres,0,\N,Roberto,Mieres,12/3/1924,Argentine,http://en.wikipedia.org/wiki/Roberto_Mieres
644,mantovani,0,\N,Sergio,Mantovani,5/22/1929,Italian,http://en.wikipedia.org/wiki/Sergio_Mantovani
645,bucci,0,\N,Clemar,Bucci,9/4/1920,Argentine,http://en.wikipedia.org/wiki/Clemar_Bucci
646,iglesias,0,\N,Jesús,Iglesias,2/22/1922,Argentine,http://en.wikipedia.org/wiki/Jes%C3%BAs_Iglesias
647,ascari,0,\N,Alberto,Ascari,7/13/1918,Italian,http://en.wikipedia.org/wiki/Alberto_Ascari
648,kling,0,\N,Karl,Kling,9/16/1910,German,http://en.wikipedia.org/wiki/Karl_Kling
649,birger,0,\N,Pablo,Birger,1/7/1924,Argentine,http://en.wikipedia.org/wiki/Pablo_Birger
650,pollet,0,\N,Jacques,Pollet,7/2/1922,French,http://en.wikipedia.org/wiki/Jacques_Pollet
651,macklin,0,\N,Lance,Macklin,9/2/1919,British,http://en.wikipedia.org/wiki/Lance_Macklin
652,whiteaway,0,\N,Ted,Whiteaway,11/1/1928,British,http://en.wikipedia.org/wiki/Ted_Whiteaway
653,davies,0,\N,Jimmy,Davies,8/8/1929,American,http://en.wikipedia.org/wiki/Jimmy_Davies
654,faulkner,0,\N,Walt,Faulkner,2/16/1920,American,http://en.wikipedia.org/wiki/Walt_Faulkner
655,niday,0,\N,Cal,Niday,4/29/1914,American,http://en.wikipedia.org/wiki/Cal_Niday
656,cross,0,\N,Art,Cross,1/24/1918,American,http://en.wikipedia.org/wiki/Art_Cross
657,vukovich,0,\N,Bill,Vukovich,12/13/1918,American,http://en.wikipedia.org/wiki/Bill_Vukovich
658,mcgrath,0,\N,Jack,McGrath,10/8/1919,American,http://en.wikipedia.org/wiki/Jack_McGrath_(racing_driver)
659,hoyt,0,\N,Jerry,Hoyt,1/29/1929,American,http://en.wikipedia.org/wiki/Jerry_Hoyt
660,claes,0,\N,Johnny,Claes,8/11/1916,Belgian,http://en.wikipedia.org/wiki/Johnny_Claes
661,peter_walker,0,\N,Peter,Walker,10/7/1912,British,http://en.wikipedia.org/wiki/Peter_Walker_(driver)
662,sparken,0,\N,Mike,Sparken,6/16/1930,French,http://en.wikipedia.org/wiki/Mike_Sparken
663,wharton,0,\N,Ken,Wharton,3/21/1916,British,http://en.wikipedia.org/wiki/Ken_Wharton
664,mcalpine,0,\N,Kenneth,McAlpine,9/21/1920,British,http://en.wikipedia.org/wiki/Kenneth_McAlpine
665,marr,0,\N,Leslie,Marr,8/14/1922,British,http://en.wikipedia.org/wiki/Leslie_Marr
666,rolt,0,\N,Tony,Rolt,10/16/1918,British,http://en.wikipedia.org/wiki/Tony_Rolt
667,fitch,0,\N,John,Fitch,8/4/1917,American,http://en.wikipedia.org/wiki/John_Fitch_(driver)
668,lucas,0,\N,Jean,Lucas,4/25/1917,French,http://en.wikipedia.org/wiki/Jean_Lucas
669,bira,0,\N,Prince,Bira,7/15/1914,Thai,http://en.wikipedia.org/wiki/Prince_Bira
670,marimon,0,\N,Onofre,Marimón,12/19/1923,Argentine,http://en.wikipedia.org/wiki/Onofre_Marim%C3%B3n
671,loyer,0,\N,Roger,Loyer,8/5/1907,French,http://en.wikipedia.org/wiki/Roger_Loyer
672,daponte,0,\N,Jorge,Daponte,6/5/1923,Argentine,http://en.wikipedia.org/wiki/Jorge_Daponte
673,nazaruk,0,\N,Mike,Nazaruk,10/2/1921,American,http://en.wikipedia.org/wiki/Mike_Nazaruk
674,crockett,0,\N,Larry,Crockett,10/23/1926,American,http://en.wikipedia.org/wiki/Larry_Crockett
675,ayulo,0,\N,Manny,Ayulo,10/20/1921,American,http://en.wikipedia.org/wiki/Manny_Ayulo
676,armi,0,\N,Frank,Armi,10/12/1918,American,http://en.wikipedia.org/wiki/Frank_Armi
677,webb,0,\N,Travis,Webb,10/8/1910,American,http://en.wikipedia.org/wiki/Travis_Webb
678,duncan,0,\N,Len,Duncan,7/25/1911,American,http://en.wikipedia.org/wiki/Len_Duncan
679,mccoy,0,\N,Ernie,McCoy,2/19/1921,American,http://en.wikipedia.org/wiki/Ernie_McCoy
680,swaters,0,\N,Jacques,Swaters,10/30/1926,American,http://en.wikipedia.org/wiki/Jacques_Swaters
681,georges_berger,0,\N,Georges,Berger,9/14/1918,Belgian,http://en.wikipedia.org/wiki/Georges_Berger
682,beauman,0,\N,Don,Beauman,7/26/1928,British,http://en.wikipedia.org/wiki/Don_Beauman
683,thorne,0,\N,Leslie,Thorne,6/23/1916,British,http://en.wikipedia.org/wiki/Leslie_Thorne
684,whitehouse,0,\N,Bill,Whitehouse,4/1/1909,British,http://en.wikipedia.org/wiki/Bill_Whitehouse
685,riseley_prichard,0,\N,John,Riseley-Prichard,1/17/1924,British,http://en.wikipedia.org/wiki/John_Riseley-Prichard
686,reg_parnell,0,\N,Reg,Parnell,7/2/1911,British,http://en.wikipedia.org/wiki/Reg_Parnell
687,whitehead,0,\N,Peter,Whitehead,11/12/1914,British,http://en.wikipedia.org/wiki/Peter_Whitehead_(racing_driver)
688,brandon,0,\N,Eric,Brandon,7/18/1920,British,http://en.wikipedia.org/wiki/Eric_Brandon
689,alan_brown,0,\N,Alan,Brown,11/20/1919,British,http://en.wikipedia.org/wiki/Alan_Brown_(racing_driver)
690,nuckey,0,\N,Rodney,Nuckey,6/26/1929,British,http://en.wikipedia.org/wiki/Rodney_Nuckey
691,lang,0,\N,Hermann,Lang,4/6/1909,German,http://en.wikipedia.org/wiki/Hermann_Lang
692,helfrich,0,\N,Theo,Helfrich,5/13/1913,German,http://en.wikipedia.org/wiki/Theo_Helfrich
693,wacker,0,\N,Fred,Wacker,7/10/1918,American,http://en.wikipedia.org/wiki/Fred_Wacker
694,riu,0,\N,Giovanni,de Riu,3/10/1925,Italian,http://en.wikipedia.org/wiki/Giovanni_de_Riu
695,galvez,0,\N,Oscar,Gálvez,8/17/1913,Argentine,http://en.wikipedia.org/wiki/%C3%93scar_Alfredo_G%C3%A1lvez
696,john_barber,0,\N,John,Barber,7/22/1929,British,http://en.wikipedia.org/wiki/John_Barber_(racing_driver)
697,bonetto,0,\N,Felice,Bonetto,6/9/1903,Italian,http://en.wikipedia.org/wiki/Felice_Bonetto
698,cruz,0,\N,Adolfo,Cruz,6/28/1923,Argentine,http://en.wikipedia.org/wiki/Adolfo_Schewelm_Cruz
699,nalon,0,\N,Duke,Nalon,3/2/1913,American,http://en.wikipedia.org/wiki/Duke_Nalon
700,scarborough,0,\N,Carl,Scarborough,7/3/1914,American,http://en.wikipedia.org/wiki/Carl_Scarborough
701,holland,0,\N,Bill,Holland,12/18/1907,American,http://en.wikipedia.org/wiki/Bill_Holland
702,bob_scott,0,\N,Bob,Scott,10/4/1928,American,http://en.wikipedia.org/wiki/Bob_Scott_(auto_racer)
703,legat,0,\N,Arthur,Legat,1898-11-01,Belgian,http://en.wikipedia.org/wiki/Arthur_Legat
704,cabantous,0,\N,Yves,Cabantous,10/8/1904,French,http://en.wikipedia.org/wiki/Yves_Giraud_Cabantous
705,crook,0,\N,Tony,Crook,2/16/1920,British,http://en.wikipedia.org/wiki/Tony_Crook
706,jimmy_stewart,0,\N,Jimmy,Stewart,3/6/1931,British,http://en.wikipedia.org/wiki/Jimmy_Stewart_(racing_driver)
707,ian_stewart,0,\N,Ian,Stewart,7/15/1929,British,http://en.wikipedia.org/wiki/Ian_Stewart_(racing_driver)
708,duncan_hamilton,0,\N,Duncan,Hamilton,4/30/1920,British,http://en.wikipedia.org/wiki/Duncan_Hamilton_(racing_driver)
709,klodwig,0,\N,Ernst,Klodwig,5/23/1903,East German,http://en.wikipedia.org/wiki/Ernst_Klodwig
710,krause,0,\N,Rudolf,Krause,3/30/1907,East German,http://en.wikipedia.org/wiki/Rudolf_Krause
711,karch,0,\N,Oswald,Karch,3/6/1917,German,http://en.wikipedia.org/wiki/Oswald_Karch
712,heeks,0,\N,Willi,Heeks,2/13/1922,German,http://en.wikipedia.org/wiki/Willi_Heeks
713,fitzau,0,\N,Theo,Fitzau,2/10/1923,East German,http://en.wikipedia.org/wiki/Theo_Fitzau
714,adolff,0,\N,Kurt,Adolff,11/5/1921,German,http://en.wikipedia.org/wiki/Kurt_Adolff
715,bechem,0,\N,Günther,Bechem,12/21/1921,German,http://en.wikipedia.org/wiki/G%C3%BCnther_Bechem
716,bauer,0,\N,Erwin,Bauer,7/17/1912,German,http://en.wikipedia.org/wiki/Erwin_Bauer
717,hans_stuck,0,\N,Hans,von Stuck,12/27/1900,German,http://en.wikipedia.org/wiki/Hans_Von_Stuck
718,loof,0,\N,Ernst,Loof,7/4/1907,German,http://en.wikipedia.org/wiki/Ernst_Loof
719,scherrer,0,\N,Albert,Scherrer,2/28/1908,Swiss,http://en.wikipedia.org/wiki/Albert_Scherrer
720,terra,0,\N,Max,de Terra,10/6/1918,Swiss,http://en.wikipedia.org/wiki/Max_de_Terra
721,hirt,0,\N,Peter,Hirt,3/30/1910,Swiss,http://en.wikipedia.org/wiki/Peter_Hirt
722,carini,0,\N,Piero,Carini,3/6/1921,Italian,http://en.wikipedia.org/wiki/Piero_Carini
723,fischer,0,\N,Rudi,Fischer,4/19/1912,Swiss,http://en.wikipedia.org/wiki/Rudi_Fischer
724,ulmen,0,\N,Toni,Ulmen,1/25/1906,German,http://en.wikipedia.org/wiki/Toni_Ulmen
725,abecassis,0,\N,George,Abecassis,3/21/1913,British,http://en.wikipedia.org/wiki/George_Abecassis
726,george_connor,0,\N,George,Connor,8/16/1906,American,http://en.wikipedia.org/wiki/George_Connor_(driver)
727,rigsby,0,\N,Jim,Rigsby,6/6/1923,American,http://en.wikipedia.org/wiki/Jim_Rigsby
728,james,0,\N,Joe,James,5/23/1925,American,http://en.wikipedia.org/wiki/Joe_James_(racing_driver)
729,schindler,0,\N,Bill,Schindler,3/6/1909,American,http://en.wikipedia.org/wiki/Bill_Schindler
730,fonder,0,\N,George,Fonder,6/22/1917,American,http://en.wikipedia.org/wiki/George_Fonder
731,banks,0,\N,Henry,Banks,6/14/1913,American,http://en.wikipedia.org/wiki/Henry_Banks
732,mcdowell,0,\N,Johnny,McDowell,1/29/1915,American,http://en.wikipedia.org/wiki/Johnny_McDowell
733,miller,0,\N,Chet,Miller,7/19/1902,American,http://en.wikipedia.org/wiki/Chet_Miller
734,ball,0,\N,Bobby,Ball,8/26/1925,American,http://en.wikipedia.org/wiki/Bobby_Ball_(auto_racer)
735,tornaco,0,\N,Charles,de Tornaco,6/7/1927,Belgian,http://en.wikipedia.org/wiki/Charles_de_Tornaco
736,laurent,0,\N,Roger,Laurent,2/21/1913,Belgian,http://en.wikipedia.org/wiki/Roger_Laurent
737,obrien,0,\N,Robert,O'Brien,4/11/1908,American,http://en.wikipedia.org/wiki/Robert_O%27Brien_(auto_racer)
738,gaze,0,\N,Tony,Gaze,2/3/1920,Australian,http://en.wikipedia.org/wiki/Tony_Gaze
739,charrington,0,\N,Robin,Montgomerie-Charrington,6/23/1915,British,http://en.wikipedia.org/wiki/Robin_Montgomerie-Charrington
740,comotti,0,\N,Franco,Comotti,7/24/1906,Italian,http://en.wikipedia.org/wiki/Franco_Comotti
741,etancelin,0,\N,Philippe,Étancelin,1896-12-28,French,http://en.wikipedia.org/wiki/Philippe_%C3%89tancelin
742,poore,0,\N,Dennis,Poore,8/19/1916,British,http://en.wikipedia.org/wiki/Dennis_Poore
743,thompson,0,\N,Eric,Thompson,11/4/1919,British,http://en.wikipedia.org/wiki/Eric_Thompson_(racing_driver)
744,downing,0,\N,Ken,Downing,12/5/1917,British,http://en.wikipedia.org/wiki/Ken_Downing
745,graham_whitehead,0,\N,Graham,Whitehead,4/15/1922,British,http://en.wikipedia.org/wiki/Graham_Whitehead
746,bianco,0,\N,Gino,Bianco,7/22/1916,Brazilian,http://en.wikipedia.org/wiki/Gino_Bianco
747,murray,0,\N,David,Murray,12/28/1909,British,http://en.wikipedia.org/wiki/David_Murray_(driver)
748,cantoni,0,\N,Eitel,Cantoni,10/4/1906,Uruguayan,http://en.wikipedia.org/wiki/Eitel_Cantoni
749,aston,0,\N,Bill,Aston,3/29/1900,British,http://en.wikipedia.org/wiki/Bill_Aston
750,brudes,0,\N,Adolf,Brudes,1899-10-15,German,http://en.wikipedia.org/wiki/Adolf_Brudes
751,riess,0,\N,Fritz,Riess,7/11/1922,German,http://en.wikipedia.org/wiki/Fritz_Riess
752,niedermayr,0,\N,Helmut,Niedermayr,11/29/1915,German,http://en.wikipedia.org/wiki/Helmut_Niedermayr
753,klenk,0,\N,Hans,Klenk,10/28/1919,German,http://en.wikipedia.org/wiki/Hans_Klenk
754,balsa,0,\N,Marcel,Balsa,1/1/1909,French,http://en.wikipedia.org/wiki/Marcel_Balsa
755,schoeller,0,\N,Rudolf,Schoeller,4/27/1902,Swiss,http://en.wikipedia.org/wiki/Rudolf_Schoeller
756,pietsch,0,\N,Paul,Pietsch,6/20/1911,German,http://en.wikipedia.org/wiki/Paul_Pietsch
757,peters,0,\N,Josef,Peters,9/16/1914,German,http://en.wikipedia.org/wiki/Josef_Peters_(driver)
758,lof,0,\N,Dries,van der Lof,8/23/1919,Dutch,http://en.wikipedia.org/wiki/Dries_van_der_Lof
759,flinterman,0,\N,Jan,Flinterman,10/2/1919,Dutch,http://en.wikipedia.org/wiki/Jan_Flinterman
760,dusio,0,\N,Piero,Dusio,1899-10-13,Italian,http://en.wikipedia.org/wiki/Piero_Dusio
761,crespo,0,\N,Alberto,Crespo,1/16/1920,Argentine,http://en.wikipedia.org/wiki/Alberto_Crespo
762,rol,0,\N,Franco,Rol,6/5/1908,Italian,http://en.wikipedia.org/wiki/Franco_Rol
763,sanesi,0,\N,Consalvo,Sanesi,3/28/1911,Italian,http://en.wikipedia.org/wiki/Consalvo_Sanesi
764,guy_mairesse,0,\N,Guy,Mairesse,8/10/1910,French,http://en.wikipedia.org/wiki/Guy_Mairesse
765,louveau,0,\N,Henri,Louveau,1/25/1910,French,http://en.wikipedia.org/wiki/Henri_Louveau
766,wallard,0,\N,Lee,Wallard,9/7/1910,American,http://en.wikipedia.org/wiki/Lee_Wallard
767,forberg,0,\N,Carl,Forberg,3/4/1911,American,http://en.wikipedia.org/wiki/Carl_Forberg
768,rose,0,\N,Mauri,Rose,5/26/1906,American,http://en.wikipedia.org/wiki/Mauri_Rose
769,mackey,0,\N,Bill,Mackey,12/15/1927,American,http://en.wikipedia.org/wiki/Bill_Mackey
770,green,0,\N,Cecil,Green,9/30/1919,American,http://en.wikipedia.org/wiki/Cecil_Green
771,walt_brown,0,\N,Walt,Brown,12/30/1911,American,http://en.wikipedia.org/wiki/Walt_Brown_(auto_racer)
772,hellings,0,\N,Mack,Hellings,9/14/1915,American,http://en.wikipedia.org/wiki/Mack_Hellings
773,levegh,0,\N,Pierre,Levegh,12/22/1905,French,http://en.wikipedia.org/wiki/Pierre_Levegh
774,chaboud,0,\N,Eugène,Chaboud,4/12/1907,French,http://en.wikipedia.org/wiki/Eug%C3%A8ne_Chaboud
775,gordini,0,\N,Aldo,Gordini,5/20/1921,French,http://en.wikipedia.org/wiki/Aldo_Gordini
776,kelly,0,\N,Joe,Kelly,3/13/1913,Irish,http://en.wikipedia.org/wiki/Joe_Kelly_(Formula_One)
777,parker,0,\N,Philip,Fotheringham-Parker,9/22/1907,British,http://en.wikipedia.org/wiki/Philip_Fotheringham-Parker
778,shawe_taylor,0,\N,Brian,Shawe Taylor,1/28/1915,British,http://en.wikipedia.org/wiki/Brian_Shawe_Taylor
779,john_james,0,\N,John,James,5/10/1914,British,http://en.wikipedia.org/wiki/John_James_(auto_racer)
780,branca,0,\N,Toni,Branca,9/15/1916,Swiss,http://en.wikipedia.org/wiki/Toni_Branca
781,richardson,0,\N,Ken,Richardson,8/21/1911,British,http://en.wikipedia.org/wiki/Ken_Richardson_(race_car_driver)
782,jover,0,\N,Juan,Jover,11/23/1903,Spanish,http://en.wikipedia.org/wiki/Juan_Jover
783,grignard,0,\N,Georges,Grignard,7/25/1905,French,http://en.wikipedia.org/wiki/Georges_Grignard
784,hampshire,0,\N,David,Hampshire,12/29/1917,British,http://en.wikipedia.org/wiki/David_Hampshire
785,crossley,0,\N,Geoff,Crossley,5/11/1921,British,http://en.wikipedia.org/wiki/Geoff_Crossley
786,fagioli,0,\N,Luigi,Fagioli,1898-06-09,Italian,http://en.wikipedia.org/wiki/Luigi_Fagioli
787,harrison,0,\N,Cuth,Harrison,7/6/1906,British,http://en.wikipedia.org/wiki/Cuth_Harrison
788,fry,0,\N,Joe,Fry,10/26/1915,British,http://en.wikipedia.org/wiki/Joe_Fry
789,martin,0,\N,Eugène,Martin,3/24/1915,French,http://en.wikipedia.org/wiki/Eug%C3%A8ne_Martin
790,leslie_johnson,0,\N,Leslie,Johnson,3/22/1912,British,http://en.wikipedia.org/wiki/Leslie_Johnson_(racing_driver)
791,biondetti,0,\N,Clemente,Biondetti,1898-08-18,Italian,http://en.wikipedia.org/wiki/Clemente_Biondetti
792,pian,0,\N,Alfredo,Pián,10/21/1912,Argentine,http://en.wikipedia.org/wiki/Alfredo_Pi%C3%A0n
793,sommer,0,\N,Raymond,Sommer,8/31/1906,French,http://en.wikipedia.org/wiki/Raymond_Sommer
794,chitwood,0,\N,Joie,Chitwood,4/14/1912,American,http://en.wikipedia.org/wiki/Joie_Chitwood
795,fohr,0,\N,Myron,Fohr,6/17/1912,American,http://en.wikipedia.org/wiki/Myron_Fohr
796,ader,0,\N,Walt,Ader,12/15/1913,American,http://en.wikipedia.org/wiki/Walt_Ader
797,holmes,0,\N,Jackie,Holmes,9/4/1920,American,http://en.wikipedia.org/wiki/Jackie_Holmes
798,levrett,0,\N,Bayliss,Levrett,2/14/1914,American,http://en.wikipedia.org/wiki/Bayliss_Levrett
799,jackson,0,\N,Jimmy,Jackson,7/25/1910,American,http://en.wikipedia.org/wiki/Jimmy_Jackson_(driver)
800,pagani,0,\N,Nello,Pagani,10/11/1911,Italian,http://en.wikipedia.org/wiki/Nello_Pagani
801,pozzi,0,\N,Charles,Pozzi,8/27/1909,French,http://en.wikipedia.org/wiki/Charles_Pozzi
802,serafini,0,\N,Dorino,Serafini,7/22/1909,Italian,http://en.wikipedia.org/wiki/Dorino_Serafini
803,cantrell,0,\N,Bill,Cantrell,1/31/1908,American,http://en.wikipedia.org/wiki/William_Cantrell
804,mantz,0,\N,Johnny,Mantz,9/18/1918,American,http://en.wikipedia.org/wiki/Johnny_Mantz
805,kladis,0,\N,Danny,Kladis,2/10/1917,American,http://en.wikipedia.org/wiki/Danny_Kladis
806,oscar_gonzalez,0,\N,Óscar,González,11/10/1923,Uruguayan,http://en.wikipedia.org/wiki/Oscar_Gonz%C3%A1lez_(racing_driver)
807,hulkenberg,27,HUL,Nico,Hülkenberg,8/19/1987,German,http://en.wikipedia.org/wiki/Nico_H%C3%BClkenberg
808,petrov,0,PET,Vitaly,Petrov,9/8/1984,Russian,http://en.wikipedia.org/wiki/Vitaly_Petrov
810,grassi,0,DIG,Lucas,di Grassi,8/11/1984,Brazilian,http://en.wikipedia.org/wiki/Lucas_di_Grassi
811,bruno_senna,0,SEN,Bruno,Senna,10/15/1983,Brazilian,http://en.wikipedia.org/wiki/Bruno_Senna
812,chandhok,0,CHA,Karun,Chandhok,1/19/1984,Indian,http://en.wikipedia.org/wiki/Karun_Chandhok
813,maldonado,13,MAL,Pastor,Maldonado,3/9/1985,Venezuelan,http://en.wikipedia.org/wiki/Pastor_Maldonado
814,resta,0,DIR,Paul,di Resta,4/16/1986,British,http://en.wikipedia.org/wiki/Paul_di_Resta
815,perez,11,PER,Sergio,Pérez,1/26/1990,Mexican,http://en.wikipedia.org/wiki/Sergio_P%C3%A9rez
816,ambrosio,0,DAM,Jérôme,d'Ambrosio,12/27/1985,Belgian,http://en.wikipedia.org/wiki/J%C3%A9r%C3%B4me_d%27Ambrosio
817,ricciardo,3,RIC,Daniel,Ricciardo,7/1/1989,Australian,http://en.wikipedia.org/wiki/Daniel_Ricciardo
818,vergne,25,VER,Jean-Éric,Vergne,4/25/1990,French,http://en.wikipedia.org/wiki/Jean-%C3%89ric_Vergne
819,pic,0,PIC,Charles,Pic,2/15/1990,French,http://en.wikipedia.org/wiki/Charles_Pic
820,chilton,4,CHI,Max,Chilton,4/21/1991,British,http://en.wikipedia.org/wiki/Max_Chilton
821,gutierrez,21,GUT,Esteban,Gutiérrez,8/5/1991,Mexican,http://en.wikipedia.org/wiki/Esteban_Guti%C3%A9rrez
822,bottas,77,BOT,Valtteri,Bottas,8/28/1989,Finnish,http://en.wikipedia.org/wiki/Valtteri_Bottas
823,garde,0,VDG,Giedo,van der Garde,4/25/1985,Dutch,http://en.wikipedia.org/wiki/Giedo_van_der_Garde
824,jules_bianchi,17,BIA,Jules,Bianchi,8/3/1989,French,http://en.wikipedia.org/wiki/Jules_Bianchi
825,kevin_magnussen,20,MAG,Kevin,Magnussen,10/5/1992,Danish,http://en.wikipedia.org/wiki/Kevin_Magnussen
826,kvyat,26,KVY,Daniil,Kvyat,4/26/1994,Russian,http://en.wikipedia.org/wiki/Daniil_Kvyat
827,lotterer,45,LOT,André,Lotterer,11/19/1981,German,http://en.wikipedia.org/wiki/Andr%C3%A9_Lotterer
828,ericsson,9,ERI,Marcus,Ericsson,9/2/1990,Swedish,http://en.wikipedia.org/wiki/Marcus_Ericsson
829,stevens,28,STE,Will,Stevens,6/28/1991,British,http://en.wikipedia.org/wiki/Will_Stevens
830,max_verstappen,33,VER,Max,Verstappen,9/30/1997,Dutch,http://en.wikipedia.org/wiki/Max_Verstappen
831,nasr,12,NAS,Felipe,Nasr,8/21/1992,Brazilian,http://en.wikipedia.org/wiki/Felipe_Nasr
832,sainz,55,SAI,Carlos,Sainz,9/1/1994,Spanish,http://en.wikipedia.org/wiki/Carlos_Sainz_Jr.
833,merhi,98,MER,Roberto,Merhi,3/22/1991,Spanish,http://en.wikipedia.org/wiki/Roberto_Merhi
834,rossi,53,RSS,Alexander,Rossi,9/25/1991,American,http://en.wikipedia.org/wiki/Alexander_Rossi_%28racing_driver%29
835,jolyon_palmer,30,PAL,Jolyon,Palmer,1/20/1991,British,http://en.wikipedia.org/wiki/Jolyon_Palmer
836,wehrlein,94,WEH,Pascal,Wehrlein,10/18/1994,German,http://en.wikipedia.org/wiki/Pascal_Wehrlein
837,haryanto,88,HAR,Rio,Haryanto,1/22/1993,Indonesian,http://en.wikipedia.org/wiki/Rio_Haryanto
838,vandoorne,2,VAN,Stoffel,Vandoorne,3/26/1992,Belgian,http://en.wikipedia.org/wiki/Stoffel_Vandoorne
839,ocon,31,OCO,Esteban,Ocon,9/17/1996,French,http://en.wikipedia.org/wiki/Esteban_Ocon
840,stroll,18,STR,Lance,Stroll,10/29/1998,Canadian,http://en.wikipedia.org/wiki/Lance_Stroll
841,giovinazzi,99,GIO,Antonio,Giovinazzi,12/14/1993,Italian,http://en.wikipedia.org/wiki/Antonio_Giovinazzi
843,brendon_hartley,28,HAR,Brendon,Hartley,11/10/1989,New Zealander,http://en.wikipedia.org/wiki/Brendon_Hartley
844,leclerc,16,LEC,Charles,Leclerc,10/16/1997,Monegasque,http://en.wikipedia.org/wiki/Charles_Leclerc
845,sirotkin,35,SIR,Sergey,Sirotkin,8/27/1995,Russian,http://en.wikipedia.org/wiki/Sergey_Sirotkin_(racing_driver)
846,norris,4,NOR,Lando,Norris,11/13/1999,British,http://en.wikipedia.org/wiki/Lando_Norris
847,russell,63,RUS,George,Russell,2/15/1998,British,http://en.wikipedia.org/wiki/George_Russell_%28racing_driver%29
848,albon,23,ALB,Alexander,Albon,3/23/1996,Thai,http://en.wikipedia.org/wiki/Alexander_Albon
849,latifi,6,LAT,Nicholas,Latifi,6/29/1995,Canadian,http://en.wikipedia.org/wiki/Nicholas_Latifi
